no,sbsncd,sbsnnm_1,bbsncd_1,mbsncd_1,area
1,100101#01,태백시(무사교) s to 100101#02,10,1001,
2,100101#02,삼척시(광동댐) s to 100101#05,10,1001,
3,100101#03,삼척시(번천교) s to 100101#04,10,1001,
4,100101#04,번천 n to 100101#05,10,1001,
5,100101#05,광동댐 f to 100102#01,10,1001,
6,100102#01,삼척시(광동교) s to 100102#02,10,1001,
7,100102#02,삼척시(갈밭교) s to 100102#03,10,1001,
8,100102#03,정선군(혈천교) s to 100102#04,10,1001,
9,100102#04,임계천합류전 n to 100104#01,10,1001,
10,100103#01,정선군(송계교) s to 100103#02,10,1001,
11,100103#02,임계천 n to 100104#01,10,1001,
12,100104#01,정선군(제1여량교) s to 100104#02,10,1001,
13,100104#02,송천합류전 n to 100107#01,10,1001,
14,100105#01,도암댐 f to 100106#01,10,1001,
15,100106#01,정선군(송천교) s to 100106#02,10,1001,
16,100106#02,송천 n to 100107#01,10,1001,
17,100107#01,정선군(남평대교) s to 100112#01,10,1001,
18,100108#01,평창군(송정교) s to 100108#02,10,1001,
19,100108#02,오대천상류 n to 100109#01,10,1001,
20,100109#01,정선군(나전교) s to 100112#01,10,1001,
21,100110#01,어천상류 n to 100111#01,10,1001,
22,100111#01,정선군(와평교) s to 100111#02,10,1001,
23,100111#02,정선군(애산교) s to 100112#02,10,1001,
24,100112#01,어천합류전 n to 100112#02,10,1001,
25,100112#02,정선군(정선제1교) s to 100112#03,10,1001,
26,100112#03,정선군(광하교) s to 100112#04,10,1001,
27,100112#04,지장천합류전 n to 100117#01,10,1001,
28,100113#01,지장천상류 n to 100114#01,10,1001,
29,100114#01,정선군(낙동교) s to 100114#02,10,1001,
30,100114#02,지장천 n to 100117#01,10,1001,
31,100115#01,창리천 n to 100117#02,10,1001,
32,100116#01,석항천 n to 100117#05,10,1001,
33,100117#01,창리천합류전 n to 100117#02,10,1001,
34,100117#02,영월군(거운교) s to 100117#03,10,1001,
35,100117#03,영월군(삼옥교) s to 100117#04,10,1001,
36,100117#04,석항천합류전 n to 100117#05,10,1001,
37,100117#05,영월군(영월대교) s to 100117#06,10,1001,
38,100117#06,평창강합류전 n to 100301#01,10,1001,
39,100201#01,평창군(이목정교) s to 100201#02,10,1002,
40,100201#02,평창군(장평교) s to 100201#05,10,1002,
41,100201#03,평창군(백옥포교) s to 100201#04,10,1002,
42,100201#04,흥정천 n to 100201#05,10,1002,
43,100201#05,흥정천 n to 100202#01,10,1002,
44,100202#01,평창군(선애교) s to 100202#02,10,1002,
45,100202#02,평창강상류 n to 100205#01,10,1002,
46,100203#01,평창군(사초교) s to 100203#02,10,1002,
47,100203#02,하안미천합류전 n to 100203#04,10,1002,
48,100203#03,하안미천 n to 100203#04,10,1002,
49,100203#04,대화천 n to 100205#01,10,1002,
50,100204#01,계촌천 n to 100205#03,10,1002,
51,100205#01,평창군(상방림교) s to 100205#02,10,1002,
52,100205#02,계촌천합류전 n to 100205#03,10,1002,
53,100205#03,평창군(평창교) s to 100206#02,10,1002,
54,100206#01,고길천 n to 100206#02,10,1002,
55,100206#02,영월군(판운교) s to 100206#03,10,1002,
56,100206#03,평창강중류 n to 100211#01,10,1002,
57,100207#01,주천강시점 n to 100208#01,10,1002,
58,100208#01,횡성군(안흥교) s to 100208#02,10,1002,
59,100208#02,주천강상류 n to 100209#01,10,1002,
60,100209#01,영월군(두학교) s to 100209#02,10,1002,
61,100209#02,주천강중류 n to 100210#01,10,1002,
62,100210#01,영월군(주천교) s to 100210#02,10,1002,
63,100210#02,영월군(신천교) s to 100210#03,10,1002,
64,100210#03,주천강하류 n to 100211#01,10,1002,
65,100211#01,쌍용천 n to 100213#01,10,1002,
66,100212#01,문곡천 n to 100213#04,10,1002,
67,100213#01,영월군(연당교) s to 100213#02,10,1002,
68,100213#02,영월군(북쌍리) s to 100213#03,10,1002,
69,100213#03,문곡천합류전 n to 100213#04,10,1002,
70,100213#04,영월군(팔괴교) s to 100213#05,10,1002,
71,100213#05,평창강하류 n to 100301#01,10,1002,
72,100301#01,평창강합류후 n to 100305#02,10,1003,
73,100302#01,옥동천상류 n to 100303#01,10,1003,
74,100303#01,영월군(충혼교) s to 100303#02,10,1003,
75,100303#02,옥동천중류 n to 100305#01,10,1003,
76,100304#01,내린천 n to 100305#01,10,1003,
77,100305#01,영월군(옥동교) s to 100305#02,10,1003,
78,100305#02,옥동천하류 n to 100306#01,10,1003,
79,100306#01,단양군(오사리) s to 100306#02,10,1003,
80,100306#02,단양군(북벽교) s to 100306#03,10,1003,
81,100306#03,사이곡천합류전 n to 100307#01,10,1003,
82,100307#01,단양군(가대교) s to 100307#02,10,1003,
83,100307#02,하일천합류후 n to 100310#01,10,1003,
84,100308#01,매포천 n to 100310#03,10,1003,
85,100309#01,단양군(단양1교) s to 100309#02,10,1003,
86,100309#02,죽령천 n to 100310#05,10,1003,
87,100310#01,단양군(덕천교) s to 100310#02,10,1003,
88,100310#02,매포천합류전 n to 100310#03,10,1003,
89,100310#03,단양군(상진대교) s to 100310#04,10,1003,
90,100310#04,죽령천합류전 n to 100310#05,10,1003,
91,100310#05,단양천합류후 n to 100312#01,10,1003,
92,100311#01,단양군(우화교) s to 100311#02,10,1003,
93,100311#02,단양천 n to 100312#01,10,1003,
94,100312#01,충주댐상류 n to 100319#01,10,1003,
95,100313#01,제천시(팔송교) s to 100313#02,10,1003,
96,100313#02,제천천상류 n to 100315#01,10,1003,
97,100314#01,제천시(강저3교) s to 100314#02,10,1003,
98,100314#02,용두천합류전 n to 100314#05,10,1003,
99,100314#03,비룡담저수지 f to 100314#04,10,1003,
100,100314#04,용두천 n to 100314#05,10,1003,
101,100314#05,장평천 n to 100315#01,10,1003,
102,100315#01,제천시(구곡교) s to 100315#02,10,1003,
103,100315#02,제천천하류 n to 100319#03,10,1003,
104,100316#01,제천시(부수동교) s to 100316#02,10,1003,
105,100316#02,원서천 n to 100319#03,10,1003,
106,100317#01,광천 n to 100319#05,10,1003,
107,100318#01,동달천 n to 100319#05,10,1003,
108,100319#01,제천시(청풍교) s to 100319#02,10,1003,
109,100319#02,제천천합류전 n to 100319#05,10,1003,
110,100319#03,충주시(명서교) s to 100319#04,10,1003,
111,100319#04,제천천 n to 100319#05,10,1003,
112,100319#05,충주댐 f to 100320#01,10,1003,
113,100320#01,충주댐하류 n to 100501#01,10,1003,
114,100401#01,달천상류 n to 100403#01,10,1004,
115,100402#01,용곡저수지 f to 100402#02,10,1004,
116,100402#02,감천 n to 100403#01,10,1004,
117,100403#01,청주시(옥화1교) s to 100403#02,10,1004,
118,100403#02,압항천합류전 n to 100406#01,10,1004,
119,100404#01,압항천 n to 100406#01,10,1004,
120,100405#01,송면저수지 f to 100405#02,10,1004,
121,100405#02,화양천 n to 100406#02,10,1004,
122,100406#01,화양천합류전 n to 100406#02,10,1004,
123,100406#02,후영교 s to 100406#03,10,1004,
124,100406#03,괴산댐 f to 100409#01,10,1004,
125,100407#01,괴산군(비도교) s to 100407#02,10,1004,
126,100407#02,쌍천 n to 100409#03,10,1004,
127,100408#01,소수저수지 f to 100408#02,10,1004,
128,100408#02,괴산군(제2괴산교) s to 100408#03,10,1004,
129,100408#03,동진천 n to 100409#04,10,1004,
130,100409#01,괴산군(수전교) s to 100409#02,10,1004,
131,100409#02,쌍천합류전 n to 100409#03,10,1004,
132,100409#03,동진천합류전 n to 100409#04,10,1004,
133,100409#04,괴산군(목도교) s to 100409#05,10,1004,
134,100409#05,괴산댐하류 n to 100411#01,10,1004,
135,100410#01,괴산군(추산교) s to 100410#02,10,1004,
136,100410#02,음성천 n to 100411#01,10,1004,
137,100411#01,석문동천합류전 n to 100414#01,10,1004,
138,100412#01,충주시(문강교) s to 100412#02,10,1004,
139,100412#02,석문동천 n to 100414#01,10,1004,
140,100413#01,용당저수지 f to 100413#02,10,1004,
141,100413#02,충주시(국원대교) s to 100413#03,10,1004,
142,100413#03,요도천 n to 100414#03,10,1004,
143,100414#01,충주시(향산리) s to 100414#02,10,1004,
144,100414#02,요도천합류전 n to 100414#03,10,1004,
145,100414#03,충주시(탄금교) s to 100501#01,10,1004,
146,100501#01,충주조정지댐 f to 100502#01,10,1005,
147,100502#01,영덕천합류전 n to 100502#04,10,1005,
148,100502#02,추평저수지 f to 100502#03,10,1005,
149,100502#03,영덕천 n to 100502#04,10,1005,
150,100502#04,충주시(목계교) s to 100502#05,10,1005,
151,100502#05,목계수위표 n to 100503#01,10,1005,
152,100503#01,운계천합류전 n to 100505#01,10,1005,
153,100504#01,운계천 n to 100505#01,10,1005,
154,100505#01,법천천합류전 n to 100505#04,10,1005,
155,100505#02,원주시(법천교) s to 100505#03,10,1005,
156,100505#03,법천천 n to 100505#04,10,1005,
157,100505#04,원주시(남한강대교) s to 100505#05,10,1005,
158,100505#05,섬강합류전 n to 100706#01,10,1005,
159,100601#01,횡성군(율동리) s to 100601#02,10,1006,
160,100601#02,횡성군(포동2교) s to 100601#03,10,1006,
161,100601#03,횡성댐 f to 100602#01,10,1006,
162,100602#01,횡성댐하류 n to 100605#01,10,1006,
163,100603#01,좌운저수지 f to 100603#02,10,1006,
164,100603#02,횡성군(오산교) s to 100603#03,10,1006,
165,100603#03,금계천 n to 100605#01,10,1006,
166,100604#01,횡성군(전천교) s to 100604#02,10,1006,
167,100604#02,전천 n to 100605#03,10,1006,
168,100605#01,횡성군(횡성교) s to 100605#02,10,1006,
169,100605#02,전천합류전 n to 100605#03,10,1006,
170,100605#03,원주시(옥산교) s to 100605#04,10,1006,
171,100605#04,섬강합류전 n to 100608#01,10,1006,
172,100606#01,원주시(원주교) s to 100606#02,10,1006,
173,100606#02,원주천 n to 100608#01,10,1006,
174,100607#01,삼산천 n to 100608#03,10,1006,
175,100608#01,원주시(장현교) s to 100608#02,10,1006,
176,100608#02,삼산천합류전 n to 100608#03,10,1006,
177,100608#03,원주시(지정대교) s to 100608#04,10,1006,
178,100608#04,간현수위표 n to 100610#01,10,1006,
179,100609#01,서곡천 n to 100610#01,10,1006,
180,100610#01,원주시(문막교) s to 100610#02,10,1006,
181,100610#02,궁촌천합류전 n to 100610#05,10,1006,
182,100610#03,궁촌저수지 f to 100610#04,10,1006,
183,100610#04,궁촌천 n to 100610#05,10,1006,
184,100610#05,원심천합류전 n to 100610#08,10,1006,
185,100610#06,반계저수지 f to 100610#07,10,1006,
186,100610#07,원심천 n to 100610#08,10,1006,
187,100610#08,섬강하류 n to 100706#01,10,1006,
188,100701#01,안성시(한평교) s to 100701#02,10,1007,
189,100701#02,청미천상류 n to 100703#01,10,1007,
190,100702#01,죽산천 n to 100703#01,10,1007,
191,100703#01,청미천중류 n to 100705#01,10,1007,
192,100704#01,음성군(총천교) s to 100704#02,10,1007,
193,100704#02,응천 n to 100705#01,10,1007,
194,100705#01,이천시(장호원교) s to 100705#02,10,1007,
195,100705#02,여주시(원부교) s to 100706#02,10,1007,
196,100706#01,청미천합류전 n to 100706#04,10,1007,
197,100706#02,여주시(삼합교) s to 100706#03,10,1007,
198,100706#03,청미천 n to 100706#04,10,1007,
199,100706#04,여주시(강천리) s to 100706#05,10,1007,
200,100706#05,여주시(남한강교) s to 100706#06,10,1007,
201,100706#06,강천보 f to 100708#01,10,1007,
202,100707#01,금당천 n to 100708#03,10,1007,
203,100708#01,강천보(하류) s to 100708#02,10,1007,
204,100708#02,금당천합류전 n to 100708#03,10,1007,
205,100708#03,여주시(여주대교) s to 100709#01,10,1007,
206,100709#01,여주보 f to 100711#01,10,1007,
207,100710#01,여주시(율극교) s to 100710#02,10,1007,
208,100710#02,양화천 n to 100711#02,10,1007,
209,100713#01,이천시(복하교) s to 100713#02,10,1007,
210,100713#02,복하천중류 n to 100714#01,10,1007,
211,100714#01,여주시(흥천대교) s to 100714#02,10,1007,
212,100714#02,복하천 n to 100711#03,10,1007,
213,100711#01,양화천합류전 n to 100711#02,10,1007,
214,100711#02,복하천합류전 n to 100711#03,10,1007,
215,100711#03,곡수전합류전 n to 100711#07,10,1007,
216,100711#04,대평저수지 f to 100711#05,10,1007,
217,100711#05,여주시(양촌교) s to 100711#06,10,1007,
218,100711#06,곡수천 n to 100711#07,10,1007,
219,100711#07,이포보 f to 100715#01,10,1007,
220,100712#01,이천시(동산교) s to 100712#02,10,1007,
221,100712#02,복하천상류 n to 100713#01,10,1007,
222,100715#01,금사천합류전 n to 100715#04,10,1007,
223,100715#02,금사저수지 f to 100715#03,10,1007,
224,100715#03,금사천 n to 100715#04,10,1007,
225,100715#04,흑천합류전 n to 100718#01,10,1007,
226,100716#01,흑천상류 n to 100717#01,10,1007,
227,100717#01,양평군(봉상교) s to 100717#02,10,1007,
228,100717#02,양평군(흑천교) s to 100717#03,10,1007,
229,100717#03,흑천하류 n to 100718#01,10,1007,
230,100718#01,양평군(양평교) s to 100718#02,10,1007,
231,100718#02,양평수위표 n to 100719#01,10,1007,
232,100719#01,양평군(신원리) s to 100719#02,10,1007,
233,100719#02,남한강하류 n to 101701#01,10,1007,
234,100801#01,신명리댐 n to 100802#01,10,1008,
235,100802#01,신명리댐하류 n to 100805#01,10,1008,
236,100803#01,사두포천 n to 100805#01,10,1008,
237,100804#01,이포리하천 n to 100805#02,10,1008,
238,100805#01,이포리하천합류전 n to 100805#02,10,1008,
239,100805#02,창도군 n to 100806#01,10,1008,
240,100806#01,금강산댐상류 n to 100813#01,10,1008,
241,100807#01,가성리하천 n to 100813#01,10,1008,
242,100808#01,현리하천 n to 100813#02,10,1008,
243,100809#01,동금강천상류 n to 100811#01,10,1008,
244,100810#01,초거리하천 n to 100809#01,10,1008,
245,100811#01,동금강천하류 n to 100812#02,10,1008,
246,100812#01,금강천지류 n to 100812#02,10,1008,
247,100812#02,금강천 n to 100813#03,10,1008,
248,100813#01,현리하천합류전 n to 100813#02,10,1008,
249,100813#02,금강천합류전 n to 100813#03,10,1008,
250,100813#03,임남댐 f to 100903#01,10,1008,
251,100901#01,금성천상류 n to 100902#01,10,1009,
252,100902#01,금성천하류 n to 100903#02,10,1009,
253,100903#01,금성천합류전 n to 100903#02,10,1009,
254,100903#02,화천군(오작교) s to 100903#03,10,1009,
255,100903#03,평화의댐 f to 100904#01,10,1009,
256,100904#01,평화의댐하류 n to 101006#01,10,1009,
257,101001#01,수입천상류 n to 101003#01,10,1010,
258,101002#01,건솔리하천 n to 101003#01,10,1010,
259,101003#01,양구군(각시교) s to 101003#02,10,1010,
260,101003#02,남전교 s to 101003#03,10,1010,
261,101003#03,수입천 n to 101005#02,10,1010,
262,101004#01,양구군(송청제2교) s to 101004#02,10,1010,
263,101004#02,서천 n to 101005#01,10,1010,
264,101005#01,수입천합류전 n to 101005#02,10,1010,
265,101005#02,양구서천 n to 101006#01,10,1010,
266,101006#01,화천댐 f to 101007#01,10,1010,
267,101007#01,화천댐하류 n to 101009#01,10,1010,
268,101008#01,용신교 s to 101008#02,10,1010,
269,101008#02,화천천 n to 101009#01,10,1010,
270,101009#01,화천군(화천대교) s to 101009#02,10,1010,
271,101009#02,춘천댐상류 n to 101011#01,10,1010,
272,101010#01,구오탄교 s to 101010#02,10,1010,
273,101010#02,지촌천 n to 101011#01,10,1010,
274,101011#01,춘천댐 f to 101012#01,10,1010,
275,101012#01,춘천시(춘천댐하류) s to 101012#02,10,1010,
276,101012#02,춘천댐하류 n to 101302#01,10,1010,
277,101101#01,인북천상류 n to 101102#01,10,1011,
278,101102#01,인제군(반월촌교) s to 101102#02,10,1011,
279,101102#02,인북천중류 n to 101104#01,10,1011,
280,101103#01,인제군(어두원교) s to 101103#02,10,1011,
281,101103#02,북천 n to 101104#04,10,1011,
282,101104#01,인제군(도리촌교) s to 101104#02,10,1011,
283,101104#02,인제군(원통리) s to 101104#03,10,1011,
284,101104#03,북천합류전 n to 101104#04,10,1011,
285,101104#04,인제군(리빙스턴교) s to 101104#05,10,1011,
286,101104#05,인북천하류 n to 101206#01,10,1011,
287,101201#01,인제군(왕성동교) s to 101201#02,10,1012,
288,101201#02,1내린천상류 n to 101203#01,10,1012,
289,101202#01,인제군(양지교) s to 101203#01,10,1012,
290,101203#01,내린천하류 n to 101205#01,10,1012,
291,101204#01,인제군(현리교) s to 101204#02,10,1012,
292,101204#02,방태천 n to 101205#01,10,1012,
293,101205#01,인제군(하죽천교) s to 101205#02,10,1012,
294,101205#02,인제군(원대교) s to 101205#03,10,1012,
295,101205#03,소양강상류 n to 101206#01,10,1012,
296,101206#01,인제군(사구미교) s to 101206#02,10,1012,
297,101206#02,인제군(양구대교) s to 101207#01,10,1012,
298,101207#01,소양강댐 f to 101208#01,10,1012,
299,101208#01,춘천시(천전리) s to 101208#02,10,1012,
300,101208#02,춘천시(소양6교) s to 101208#03,10,1012,
301,101208#03,춘천시(소양2교) s to 101302#02,10,1012,
302,101301#01,공지천 n to 101302#03,10,1013,
303,101302#01,소양강합류전 n to 101302#02,10,1013,
304,101302#02,공지천합류전 n to 101302#04,10,1013,
305,101302#03,공지천 n to 101302#04,10,1013,
306,101302#04,의암댐 f to 101304#01,10,1013,
307,101303#01,원창저수지 f to 101303#02,10,1013,
308,101303#02,팔미천 n to 101304#02,10,1013,
309,101304#01,팔미천합류전 n to 101304#02,10,1013,
310,101304#02,춘천시(강촌교) s to 101304#03,10,1013,
311,101304#03,북한강 n to 101307#01,10,1013,
312,101305#01,가평천상류 n to 101306#01,10,1013,
313,101306#01,화악천합류전 n to 101306#03,10,1013,
314,101306#02,화악천 n to 101306#03,10,1013,
315,101306#03,목동교 s to 101306#04,10,1013,
316,101306#04,가평군(가평교) s to 101306#05,10,1013,
317,101306#05,가평천하류 n to 101307#02,10,1013,
318,101307#01,가평천합류전 n to 101307#02,10,1013,
319,101307#02,청평댐상류 n to 101502#01,10,1013,
320,101401#01,내촌천상류 n to 101402#01,10,1014,
321,101402#01,홍천군(용선교) s to 101402#02,10,1014,
322,101402#02,내촌천하류 n to 101404#01,10,1014,
323,101403#01,홍천강상류 n to 101404#01,10,1014,
324,101404#01,홍천군(주음치교) s to 101404#02,10,1014,
325,101404#02,화촌수위표 n to 101406#01,10,1014,
326,101405#01,군업천 n to 101406#01,10,1014,
327,101406#01,홍천군(굴운교) s to 101406#02,10,1014,
328,101406#02,덕치천합류전 n to 101408#01,10,1014,
329,101407#01,개운저수지 f to 101407#02,10,1014,
330,101407#02,덕치천 n to 101408#01,10,1014,
331,101408#01,홍천군(홍천교) s to 101408#02,10,1014,
332,101408#02,홍천수위표 n to 101410#01,10,1014,
333,101409#01,성동천 n to 101410#01,10,1014,
334,101410#01,홍천군(남노일대교) s to 101410#02,10,1014,
335,101410#02,양덕원천합류전 n to 101412#01,10,1014,
336,101411#01,양덕원천 n to 101412#01,10,1014,
337,101412#01,홍천군(반곡교) s to 101412#02,10,1014,
338,101412#02,한덕교 s to 101414#01,10,1014,
339,101413#01,홍천군(모곡교) s to 101413#02,10,1014,
340,101413#02,중방대천 n to 101414#01,10,1014,
341,101414#01,홍천강하류 n to 101502#01,10,1014,
342,101501#01,미원천 n to 101502#02,10,1015,
343,101502#01,미원천합류전 n to 101502#02,10,1015,
344,101502#02,청평댐 f to 101506#01,10,1015,
345,101503#01,조종천상류 n to 101504#01,10,1015,
346,101504#01,가평군(대보교) s to 101504#02,10,1015,
347,101504#02,산장제1교 s to 101504#03,10,1015,
348,101504#03,가평군(청평교) s to 101504#04,10,1015,
349,101504#04,조종천하류 n to 101506#01,10,1015,
350,101505#01,구운천 n to 101506#03,10,1015,
351,101506#01,가평군(신청평대교) s to 101506#02,10,1015,
352,101506#02,구운천합류전 n to 101506#03,10,1015,
353,101506#03,청평댐하류 n to 101508#01,10,1015,
354,101507#01,벽계천 n to 101508#01,10,1015,
355,101508#01,남양주시(삼봉리) s to 101508#02,10,1015,
356,101508#02,북한강하류 n to 101701#02,10,1015,
357,101601#01,용인시(월촌교) s to 101603#01,10,1016,
358,101602#01,오산천 n to 101603#01,10,1016,
359,101603#01,광주시(경안교) s to 101603#02,10,1016,
360,101603#02,경안수위표 n to 101605#01,10,1016,
361,101604#01,광주시(섬뜰교) s to 101604#02,10,1016,
362,101604#02,곤지암천 n to 101605#01,10,1016,
363,101605#01,광주시(서하교) s to 101605#02,10,1016,
364,101605#02,광주시(광동교) s to 101605#03,10,1016,
365,101605#03,경안천하류 n to 101701#04,10,1016,
366,101701#01,북한강합류전 n to 101701#03,10,1017,
367,101701#02,북한강 n to 101701#03,10,1017,
368,101701#03,경안천합류전 n to 101701#05,10,1017,
369,101701#04,경안천 n to 101701#05,10,1017,
370,101701#05,팔당댐 f to 101801#01,10,1017,
371,101801#01,남양주시(팔당대교) s to 101801#02,10,1018,
372,101801#02,팔당댐하류 n to 101807#01,10,1018,
373,101802#01,남양주시(부평교) s to 101802#02,10,1018,
374,101802#02,진건천합류전 n to 101802#04,10,1018,
375,101802#03,남양주시(연평대교) s to 101802#04,10,1018,
376,101802#04,남양주시(내곡교) s to 101802#05,10,1018,
377,101802#05,남양주시(진관교) s to 101803#01,10,1018,
378,101803#01,용암천합류전 n to 101803#04,10,1018,
379,101803#02,남양주시(퇴계원리) s to 101803#03,10,1018,
380,101803#03,용암천 n to 101803#04,10,1018,
381,101803#04,남양주시(왕숙교) s to 101803#05,10,1018,
382,101803#05,왕숙천 n to 101807#01,10,1018,
383,101804#01,성남시(궁내교) s to 101804#02,10,1018,
384,101804#02,탄천상류 n to 101805#01,10,1018,
385,101805#01,서울시(대곡교) s to 101806#01,10,1018,
386,101806#01,양재천합류전 n to 101806#03,10,1018,
387,101806#02,서울시(대치교) s to 101806#03,10,1018,
388,101806#03,탄천하류 n to 101807#03,10,1018,
389,101807#01,서울시(광진교) s to 101807#02,10,1018,
390,101807#02,탄천합류전 n to 101807#03,10,1018,
391,101807#03,서울시(청담대교) s to 101807#04,10,1018,
392,101807#04,중랑천합류전 n to 101811#01,10,1018,
393,101808#01,의정부시(신곡교) s to 101808#02,10,1018,
394,101808#02,중랑천상류 n to 101810#01,10,1018,
395,101809#01,청계천합류후 n to 101809#02,10,1018,
396,101809#02,중랑천하구 n to 101811#01,10,1018,
397,101810#01,서울시(창동교) s to 101810#04,10,1018,
398,101810#02,서울시(월계2교) s to 101810#03,10,1018,
399,101810#03,우의천 n to 101810#04,10,1018,
400,101810#04,우의천합류전 n to 101810#05,10,1018,
401,101810#05,서울시(중랑교) s to 101810#06,10,1018,
402,101810#06,중랑천하류 n to 101809#01,10,1018,
403,101811#01,서울시(잠수교) s to 101811#02,10,1018,
404,101811#02,서울시(한강대교) s to 101812#01,10,1018,
405,101812#01,홍제천합류전 n to 101902#01,10,1018,
406,101813#01,홍제천 n to 101902#01,10,1018,
407,101814#01,안양천상류 n to 101815#01,10,1018,
408,101815#01,안양시(충훈1교) s to 101815#02,10,1018,
409,101815#02,광명시(시흥대교) s to 101815#03,10,1018,
410,101815#03,목감천합류전 n to 101815#06,10,1018,
411,101815#04,서울시(너부대교) s to 101815#05,10,1018,
412,101815#05,목감천 n to 101815#06,10,1018,
413,101815#06,서울시(오금교) s to 101815#07,10,1018,
414,101815#07,안양천중류 n to 101816#12,10,1018,
415,101816#01,서울시(신림5교) s to 101816#02,10,1018,
416,101816#02,양산교 n to 101816#03,10,1018,
417,101816#03,봉천천합류전 n to 101816#05,10,1018,
418,101816#04,봉천천 n to 101816#05,10,1018,
419,101816#05,관악도림교 n to 101816#06,10,1018,
420,101816#06,서울시(신대방1교) s to 101816#07,10,1018,
421,101816#07,구로디지털단지역 n to 101816#08,10,1018,
422,101816#08,대방천합류전 n to 101816#10,10,1018,
423,101816#09,대방천 n to 101816#10,10,1018,
424,101816#10,도림교 n to 101816#11,10,1018,
425,101816#11,도림천 n to 101816#12,10,1018,
426,101816#12,안양천하류 n to 101902#01,10,1018,
427,101901#01,창릉천 n to 101902#02,10,1019,
428,101902#01,창릉천합류전 n to 101902#02,10,1019,
429,101902#02,서울시(행주대교) s to 101903#01,10,1019,
430,101903#01,계양천합류후 n to 101906#01,10,1019,
431,101904#01,고양시(원당교) s to 101904#02,10,1019,
432,101904#02,공릉천상류 n to 101905#01,10,1019,
433,101905#01,파주시(교하교) s to 101905#02,10,1019,
434,101905#02,공릉천하류 n to 101906#03,10,1019,
435,101906#01,김포시(전류리) s to 101906#02,10,1019,
436,101906#02,공릉천합류전 n to 101906#03,10,1019,
437,101906#03,임진강합류전 n to 102401#01,10,1019,
438,101907#01,부천시(도두리2교) s to 101907#02,10,1019,
439,101907#02,굴포천 n to 101908#01,10,1019,
440,101908#01,아라천 n to 000000#01,10,1019,
441,102001#01,임진강상류 n to 102002#01,10,1020,
442,102002#01,고미탄천합류후 n to 102101#01,10,1020,
443,102003#01,고미탄천상류 n to 102005#01,10,1020,
444,102004#01,용지천 n to 102005#01,10,1020,
445,102005#01,고미탄천하류 n to 102101#01,10,1020,
446,102101#01,이천수위표 n to 102102#01,10,1021,
447,102102#01,황강댐 f to 102102#02,10,1021,
448,102102#02,평안천합류후 n to 102105#01,10,1021,
449,102103#01,평안천상류 n to 102104#01,10,1021,
450,102104#01,평안천하류 n to 102105#01,10,1021,
451,102105#01,역곡천합류후 n to 102108#01,10,1021,
452,102106#01,봉래호 n to 102107#01,10,1021,
453,102107#01,역곡천 n to 102108#01,10,1021,
454,102108#01,4월5일댐 f to 102108#02,10,1021,
455,102108#02,연천군(필승교) s to 102108#03,10,1021,
456,102108#03,군남홍수조절지 f to 102109#01,10,1021,
457,102109#01,연천군(임진교) s to 102109#02,10,1021,
458,102109#02,한탄강합류후 n to 102301#01,10,1021,
459,102201#01,철원군(삼합교) s to 102201#02,10,1022,
460,102201#02,한탄강상류 n to 102203#01,10,1022,
461,102202#01,철원군(장수대교) s to 102202#02,10,1022,
462,102202#02,화강 n to 102203#01,10,1022,
463,102203#01,철원군(한탄대교) s to 102203#02,10,1022,
464,102203#02,대교천합류후 n to 102204#01,10,1022,
465,102204#01,철원군(군탄교) s to 102204#02,10,1022,
466,102204#02,포천시(용담교) s to 102204#03,10,1022,
467,102204#03,부소천합류후 n to 102205#01,10,1022,
468,102205#01,포천시(대회산교) s to 102205#02,10,1022,
469,102205#02,포천시(영로대교) s to 102205#03,10,1022,
470,102205#03,한탄강홍수조절댐 f to 102215#01,10,1022,
471,102206#01,영평천상류 n to 102210#01,10,1022,
472,102207#01,수입천 n to 102210#01,10,1022,
473,102208#01,포천시(포천대교) s to 102208#02,10,1022,
474,102208#02,포천천상류 n to 102209#01,10,1022,
475,102209#01,포천시(은현교) s to 102209#02,10,1022,
476,102209#02,포천천하류 n to 102210#02,10,1022,
477,102210#01,포천천합류전 n to 102210#02,10,1022,
478,102210#02,포천시(영평교) s to 102210#03,10,1022,
479,102210#03,포천시(신백의교) s to 102210#04,10,1022,
480,102210#04,영평천하류 n to 102215#03,10,1022,
481,102211#01,신천상류 n to 102213#01,10,1022,
482,102212#01,청담천 n to 102213#01,10,1022,
483,102213#01,동두천시(송천교) s to 102213#02,10,1022,
484,102213#02,연천군(신천교) s to 102213#03,10,1022,
485,102213#03,신천하류 n to 102215#06,10,1022,
486,102214#01,연천군(차탄교) s to 102214#02,10,1022,
487,102214#02,차탄천 n to 102215#08,10,1022,
488,102215#01,연천군(한여울교) s to 102215#02,10,1022,
489,102215#02,영평천합류전 n to 102215#03,10,1022,
490,102215#03,연천군(궁신교) s to 102215#04,10,1022,
491,102215#04,연천군(고탄교) s to 102215#05,10,1022,
492,102215#05,신천합류전 n to 102215#06,10,1022,
493,102215#06,연천군(사랑교) s to 102215#07,10,1022,
494,102215#07,차탄천합류전 n to 102215#08,10,1022,
495,102215#08,한탄강하류 n to 102301#01,10,1022,
496,102301#01,연천군(삼화교) s to 102301#02,10,1023,
497,102301#02,파주시(비룡대교) s to 102303#01,10,1023,
498,102302#01,연천군(사미천교) s to 102302#02,10,1023,
499,102302#02,사미천 n to 102303#01,10,1023,
500,102303#01,눌노천합류후 n to 102304#01,10,1023,
501,102304#01,파주시(통일대교) s to 102304#02,10,1023,
502,102304#02,문산천합류후 n to 102309#01,10,1023,
503,102305#01,파주시(만장교) s to 102305#02,10,1023,
504,102305#02,문산천상류 n to 102306#01,10,1023,
505,102306#01,파주시(아가메교) s to 102306#02,10,1023,
506,102306#02,문산천하류 n to 102309#01,10,1023,
507,102307#01,백전리하천 n to 102308#02,10,1023,
508,102308#01,백전리하천합류전 n to 102308#02,10,1023,
509,102308#02,사천 n to 102309#02,10,1023,
510,102309#01,사천합류전 n to 102309#02,10,1023,
511,102309#02,임진강하류 n to 102401#02,10,1023,
512,102401#01,한강합류전 n to 102401#02,10,1024,
513,102401#02,임진강합류전 n to 102401#03,10,1024,
514,102401#03,한강하류 n to 000000#02,10,1024,
515,110101#01,금광저수지 f to 110101#02,11,1101,
516,110101#02,안성시(옥산대교) s to 110101#03,11,1101,
517,110101#03,안성천상류 n to 110107#01,11,1101,
518,110102#01,고삼저수지 f to 110103#01,11,1101,
519,110103#01,한천 n to 110107#01,11,1101,
520,110104#01,청룡천 n to 110107#02,11,1101,
521,110105#01,입장천 n to 110107#04,11,1101,
522,110106#01,성환천 n to 110107#06,11,1101,
523,110107#01,청룡천합류전 n to 110107#02,11,1101,
524,110107#02,안성시(건천리) s to 110107#03,11,1101,
525,110107#03,입장천합류전 n to 110107#04,11,1101,
526,110107#04,천안시(안성천교) s to 110107#05,11,1101,
527,110107#05,성환천합류전 n to 110107#06,11,1101,
528,110107#06,평택시(군문교) s to 110108#01,11,1101,
529,110108#01,진위천합류전 n to 110116#01,11,1101,
530,110109#01,이동저수지 f to 110114#01,11,1101,
531,110110#01,기흥저수지 f to 110111#01,11,1101,
532,110111#01,오산시(탑동대교) s to 110111#02,11,1101,
533,110111#02,오산천 n to 110114#03,11,1101,
534,110112#01,황구지천상류 n to 110113#01,11,1101,
535,110113#01,화성시(화산교) s to 110113#02,11,1101,
536,110113#02,화성시(수직교) s to 110113#03,11,1101,
537,110113#03,황구지천하류 n to 110114#05,11,1101,
538,110114#01,평택시(진위1교) s to 110114#02,11,1101,
539,110114#02,진위천지방 n to 110114#03,11,1101,
540,110114#03,평택시(회화리) s to 110114#04,11,1101,
541,110114#04,황구지천합류전 n to 110114#05,11,1101,
542,110114#05,평택시(동연교) s to 110115#01,11,1101,
543,110115#01,진위천 n to 110116#01,11,1101,
544,110116#01,평택시(팽성대교) s to 110116#02,11,1101,
545,110116#02,아산방조제상류 n to 110118#01,11,1101,
546,110117#01,둔포천 n to 110118#01,11,1101,
547,110118#01,아산방조제 f to 000000#01,11,1101,
548,130106#01,영덕호 f to 130106#02,13,1301,
549,130106#02,오색천합류전 n to 130106#04,13,1301,
550,130106#03,오색천 n to 130106#04,13,1301,
551,130106#04,장승천합류전 n to 130106#06,13,1301,
552,130106#05,장승천 n to 130106#06,13,1301,
553,130106#06,후천 n to 130107#07,13,1301,
554,130107#01,면옥치천합류전 n to 130107#03,13,1301,
555,130107#02,면옥치천 n to 130107#03,13,1301,
556,130107#03,어성전천합류전 n to 130107#05,13,1301,
557,130107#04,어성전천 n to 130107#05,13,1301,
558,130107#05,양양군(용천2교) s to 130107#06,13,1301,
559,130107#06,후천합류전 n to 130107#07,13,1301,
560,130107#07,거마천합류후 n to 130107#08,13,1301,
561,130107#08,양양군(양양대교) s to 130107#09,13,1301,
562,130107#09,포월천합류전 n to 130107#10,13,1301,
563,130107#10,양양남대천 n to 000000#01,13,1301,
564,130201#01,신왕천합류전 n to 130201#03,13,1302,
565,130201#02,신왕천 n to 130201#03,13,1302,
566,130201#03,강릉시(송림교) s to 130201#04,13,1302,
567,130201#04,연곡천 n to 000000#03,13,1302,
568,130203#01,왕산천합류전 n to 130203#03,13,1302,
569,130203#02,왕산천 n to 130203#03,13,1302,
570,130203#03,오봉저수지 f to 130204#01,13,1302,
571,130204#01,지류1합류전 n to 130204#03,13,1302,
572,130204#02,지류1 n to 130204#03,13,1302,
573,130204#03,강릉시(회산교) s to 130204#04,13,1302,
574,130204#04,섬석천합류전 n to 130204#11,13,1302,
575,130204#05,장현저수지 n to 130204#08,13,1302,
576,130204#06,어단천합류전 n to 130204#07,13,1302,
577,130204#07,어단천 n to 130204#08,13,1302,
578,130204#08,금광천합류전 n to 130204#10,13,1302,
579,130204#09,금광천 n to 130204#10,13,1302,
580,130204#10,섬석천 n to 130204#11,13,1302,
581,130204#11,강릉남대천 n to 000000#03,13,1302,
582,130207#01,신흥천합류전 n to 130207#04,13,1302,
583,130207#02,달방댐 f to 130207#03,13,1302,
584,130207#03,신흥천 n to 130207#04,13,1302,
585,130207#04,동해시(북평교) s to 130207#05,13,1302,
586,130207#05,전천 n to 000000#04,13,1302,
587,130301#01,삼척오십천상류 n to 130302#01,13,1303,
588,130302#01,천기천합류전 n to 130302#03,13,1303,
589,130302#02,천기천 n to 130302#03,13,1303,
590,130302#03,삼척시(상정교) s to 130302#04,13,1303,
591,130302#04,강원남부로(무사리) n to 130302#05,13,1303,
592,130302#05,삼척시(오십천교) s to 130302#06,13,1303,
593,130302#06,삼천오십천하류 n to 000000#05,13,1303,
594,130305#01,삼척시(남양촌교) s to 130305#02,13,1303,
595,130305#02,가곡천 n to 000000#06,13,1303,
596,200101#01,태백시(문화교) s to 200101#03,20,2001,
597,200101#02,태백시(루사교) s to 200101#03,20,2001,
598,200101#03,황지천 n to 200102#01,20,2001,
599,200102#01,봉화군(대현교) s to 200102#02,20,2001,
600,200102#02,낙동강상류 n to 200103#03,20,2001,
601,200103#01,봉화군(광회교) s to 200103#02,20,2001,
602,200103#02,회룡천 n to 200103#03,20,2001,
603,200103#03,봉화군(분천교) s to 200103#04,20,2001,
604,200103#04,봉화군(현동교) s to 200105#01,20,2001,
605,200104#01,현동천 n to 200105#01,20,2001,
606,200105#01,봉화군(임기리) s to 200105#02,20,2001,
607,200105#02,재산천합류전 n to 200106#03,20,2001,
608,200106#01,동면저수지 f to 200106#02,20,2001,
609,200106#02,재산천 n to 200106#03,20,2001,
610,200106#03,운곡천합류전 n to 200108#01,20,2001,
611,200107#01,봉화군(도천교) s to 200108#01,20,2001,
612,200108#01,봉화군(풍호리) s to 200108#02,20,2001,
613,200108#02,봉화군(양삼교) s to 200108#03,20,2001,
614,200108#03,도산수위표 n to 200109#01,20,2001,
615,200109#01,안동댐상류 n to 200111#01,20,2001,
616,200110#01,동계천 n to 200111#02,20,2001,
617,200111#01,동계천합류전 n to 200111#03,20,2001,
618,200111#02,동계천 n to 200111#03,20,2001,
619,200111#03,안동댐 f to 200112#01,20,2001,
620,200112#01,안동조정지 f to 200304#01,20,2001,
621,200201#01,반변천상류 n to 200203#01,20,2002,
622,200202#01,장파천 n to 200203#01,20,2002,
623,200203#01,영양군(양평교) s to 200203#02,20,2002,
624,200203#02,동천합류전 n to 200205#01,20,2002,
625,200204#01,영양군(임천교) s to 200204#02,20,2002,
626,200204#02,동천 n to 200205#01,20,2002,
627,200205#01,영양군(청암교) s to 200205#02,20,2002,
628,200205#02,영양군(흥구교) s to 200207#01,20,2002,
629,200206#01,화매천 n to 200207#01,20,2002,
630,200207#01,영양군(흥구리) s to 200207#02,20,2002,
631,200207#02,서시천합류전 n to 200207#06,20,2002,
632,200207#03,갈평저수지 f to 200207#04,20,2002,
633,200207#04,고현저수지 f to 200207#05,20,2002,
634,200207#05,서시천 n to 200207#06,20,2002,
635,200207#06,청송군(광덕교) s to 200207#07,20,2002,
636,200207#07,임하댐상류 n to 200211#01,20,2002,
637,200208#01,구천저수지 f to 200208#02,20,2002,
638,200208#02,용전천상류 n to 200209#01,20,2002,
639,200209#01,괘천합류후 n to 200210#01,20,2002,
640,200210#01,청송군(덕천교) s to 200210#02,20,2002,
641,200210#02,청송군(송강2교) s to 200210#03,20,2002,
642,200210#03,용전천하류 n to 200211#01,20,2002,
643,200211#01,임하댐 f to 200216#01,20,2002,
644,200212#01,성덕댐 f to 200213#01,20,2002,
645,200213#01,청송군(명당리) s to 200213#02,20,2002,
646,200213#02,눌인천합류전 n to 200213#05,20,2002,
647,200213#03,포항시(상사4교) s to 200213#04,20,2002,
648,200213#04,눌인천 n to 200213#05,20,2002,
649,200213#05,길안천상류 n to 200214#01,20,2002,
650,200214#01,안동시(대사3교) s to 200214#02,20,2002,
651,200214#02,안동시(묵계교) s to 200215#01,20,2002,
652,200215#01,안동시(신덕교) s to 200215#02,20,2002,
653,200215#02,길안천하류 n to 200216#02,20,2002,
654,200216#01,임하조정지 f to 200216#02,20,2002,
655,200216#02,안동시(포진교) s to 200216#03,20,2002,
656,200216#03,반변천하류 n to 200304#01,20,2002,
657,200301#01,송야천 n to 200304#03,20,2003,
658,200302#01,금봉저수지(의성) f to 200302#02,20,2003,
659,200302#02,미천상류 n to 200303#01,20,2003,
660,200303#01,안동시(운산리) s to 200303#02,20,2003,
661,200303#02,안동시(검암교) s to 200304#04,20,2003,
662,200304#01,안동시(안동대교) s to 200304#02,20,2003,
663,200304#02,송야천합류전 n to 200304#03,20,2003,
664,200304#03,미천합류전 n to 200304#04,20,2003,
665,200304#04,안동댐역조정지하류 n to 200306#01,20,2003,
666,200305#01,만운저수지 f to 200305#02,20,2003,
667,200305#02,신역천 n to 200306#01,20,2003,
668,200306#01,예천군(구담교) s to 200306#02,20,2003,
669,200306#02,광산천합류전 n to 200308#01,20,2003,
670,200307#01,광산천 n to 200308#01,20,2003,
671,200308#01,의성군(풍지교) s to 200308#02,20,2003,
672,200308#02,내성천합류전 n to 200701#01,20,2003,
673,200401#01,낙화암천 n to 200402#09,20,2004,
674,200402#01,가계천합류전 n to 200402#07,20,2004,
675,200402#02,금봉저수지(봉화) f to 200402#03,20,2004,
676,200402#03,창평천합류전 n to 200402#06,20,2004,
677,200402#04,창평저수지 f to 200402#05,20,2004,
678,200402#05,창평천 n to 200402#06,20,2004,
679,200402#06,가계천 n to 200402#07,20,2004,
680,200402#07,봉화군(봉화대교) s to 200402#08,20,2004,
681,200402#08,낙화암천합류전 n to 200402#09,20,2004,
682,200402#09,영주시(신암교) s to 200402#10,20,2004,
683,200402#10,내성천상류 n to 200404#01,20,2004,
684,200403#01,토일천 n to 200404#01,20,2004,
685,200404#01,영주댐 f to 200408#01,20,2004,
686,200405#01,삼가저수지 f to 200405#02,20,2004,
687,200405#02,서천상류 n to 200407#01,20,2004,
688,200406#01,단산저수지 f to 200406#02,20,2004,
689,200406#02,죽계천 n to 200407#01,20,2004,
690,200407#01,영주시(월호교) s to 200407#02,20,2004,
691,200407#02,서천하류 n to 200408#03,20,2004,
692,200408#01,영주시(미림교) s to 200408#02,20,2004,
693,200408#02,서천합류전 n to 200408#03,20,2004,
694,200408#03,영주시(석탑교) s to 200408#04,20,2004,
695,200408#04,내성천중류 n to 200410#01,20,2004,
696,200409#01,옥계천 n to 200410#01,20,2004,
697,200410#01,예천군(미호교) s to 200410#02,20,2004,
698,200410#02,예천군(고평교) s to 200417#01,20,2004,
699,200411#01,한천상류 n to 200412#03,20,2004,
700,200412#01,운암저수지 f to 200412#02,20,2004,
701,200412#02,금곡천 n to 200412#03,20,2004,
702,200412#03,예천군(신예천교) s to 200413#01,20,2004,
703,200413#01,한천하류 n to 200417#02,20,2004,
704,200414#01,경천댐 f to 200416#01,20,2004,
705,200415#01,대하리천 n to 200416#02,20,2004,
706,200416#01,대하리천합류전 n to 200416#02,20,2004,
707,200416#02,예천군(산양교) s to 200416#03,20,2004,
708,200416#03,금천 n to 200417#05,20,2004,
709,200417#01,한천합류전 n to 200417#02,20,2004,
710,200417#02,예천군(신음리) s to 200417#03,20,2004,
711,200417#03,예천군(회룡교) s to 200417#04,20,2004,
712,200417#04,금천합류전 n to 200417#05,20,2004,
713,200417#05,내성천하류 n to 200701#01,20,2004,
714,200501#01,영강상류 n to 200502#01,20,2005,
715,200502#01,문경시(갈마교) s to 200502#02,20,2005,
716,200502#02,영강중류 n to 200504#01,20,2005,
717,200503#01,조령천 n to 200504#01,20,2005,
718,200504#01,문경시(불정동) s to 200504#02,20,2005,
719,200504#02,점촌수위표 n to 200507#01,20,2005,
720,200505#01,상주시(상우교) s to 200505#02,20,2005,
721,200505#02,이안천상류 n to 200506#01,20,2005,
722,200506#01,지평천합류전 n to 200506#03,20,2005,
723,200506#02,지평저수지 f to 200506#03,20,2005,
724,200506#03,상주시(이안교) s to 200506#04,20,2005,
725,200506#04,이안천하류 n to 200507#03,20,2005,
726,200507#01,문경시(김용리) s to 200507#02,20,2005,
727,200507#02,이안천합류전 n to 200507#03,20,2005,
728,200507#03,영강하류 n to 200702#01,20,2005,
729,200601#01,상주시(소천2교) s to 200601#02,20,2006,
730,200601#02,상주시(화계교) s to 200601#03,20,2006,
731,200601#03,병성천상류 n to 200603#01,20,2006,
732,200602#01,상주시(후천교) s to 200602#02,20,2006,
733,200602#02,북천 n to 200603#01,20,2006,
734,200603#01,동천합류전 n to 200603#04,20,2006,
735,200603#02,오태저수지 f to 200603#03,20,2006,
736,200603#03,동천 n to 200603#04,20,2006,
737,200603#04,상주시(병성교) s to 200603#05,20,2006,
738,200603#05,병성천하류 n to 200703#01,20,2006,
739,200701#01,문경시(이목리) s to 200701#02,20,2007,
740,200701#02,문경시(말응리) s to 200701#03,20,2007,
741,200701#03,영강합류전 n to 200702#01,20,2007,
742,200702#01,예천군(상풍교) s to 200702#02,20,2007,
743,200702#02,상주보 f to 200703#01,20,2007,
744,200703#01,상주시(강창교) s to 200703#02,20,2007,
745,200703#02,위천합류전 n to 200901#01,20,2007,
746,200801#01,군위군(동곡교) s to 200801#02,20,2008,
747,200801#02,군위댐 f to 200802#01,20,2008,
748,200802#01,군위군(화수교) s to 200802#02,20,2008,
749,200802#02,군위군(미성교) s to 200803#01,20,2008,
750,200803#01,군위군(병수리) s to 200805#01,20,2008,
751,200804#01,군위군(효령교) s to 200804#02,20,2008,
752,200804#02,남천 n to 200805#01,20,2008,
753,200805#01,군위군(무성리) s to 200805#02,20,2008,
754,200805#02,의성군(동부교) s to 200805#03,20,2008,
755,200805#03,쌍계천합류전 n to 200809#01,20,2008,
756,200806#01,사미천합류전 n to 200806#04,20,2008,
757,200806#02,가음저수지 f to 200806#03,20,2008,
758,200806#03,사미천 n to 200806#04,20,2008,
759,200806#04,의성군(덕은교) s to 200806#05,20,2008,
760,200806#05,쌍계천상류 n to 200808#01,20,2008,
761,200807#01,의성군(구미교) s to 200808#01,20,2008,
762,200808#01,쌍계천하류 n to 200809#01,20,2008,
763,200809#01,의성군(장송교) s to 200809#02,20,2008,
764,200809#02,의성군(비안교) s to 200809#03,20,2008,
765,200809#03,비산천합류전 n to 200809#06,20,2008,
766,200809#04,조성저수지 f to 200809#05,20,2008,
767,200809#05,비산천 n to 200809#06,20,2008,
768,200809#06,의성군(용곡리) s to 200810#01,20,2008,
769,200810#01,위천 n to 200901#01,20,2008,
770,200901#01,낙단보 f to 200902#01,20,2009,
771,200902#01,의성군(낙단교) s to 200902#02,20,2009,
772,200902#02,구미시(일선교) s to 200902#03,20,2009,
773,200902#03,구미보 f to 201101#01,20,2009,
774,201001#01,김천시(수달교) s to 201001#02,20,2010,
775,201001#02,김천부항댐 f to 201002#02,20,2010,
776,201002#01,부항천합류전 n to 201002#03,20,2010,
777,201002#02,부항천 n to 201002#03,20,2010,
778,201002#03,감천상류 n to 201003#01,20,2010,
779,201003#01,김천시(교리교) s to 201003#02,20,2010,
780,201003#02,김천시(지품교) s to 201003#03,20,2010,
781,201003#03,감천중류 n to 201005#01,20,2010,
782,201004#01,직지사천 n to 201005#04,20,2010,
783,201007#01,율곡천 n to 201005#05,20,2010,
784,201005#01,대방천합류후 n to 201005#02,20,2010,
785,201005#02,김천시(김천교) s to 201005#03,20,2010,
786,201005#03,직지사천합류전 n to 201005#04,20,2010,
787,201005#04,아천합류전 n to 201005#05,20,2010,
788,201005#05,김천수위표 n to 201008#01,20,2010,
789,201006#01,아천 n to 201005#05,20,2010,
790,201008#01,김천시(대동교) s to 201008#02,20,2010,
791,201008#02,대천합류전 n to 201008#05,20,2010,
792,201008#03,옥성저수지 f to 201008#04,20,2010,
793,201008#04,대천 n to 201008#05,20,2010,
794,201008#05,구미시(선주교) s to 201008#06,20,2010,
795,201008#06,감천하류 n to 201101#02,20,2010,
796,201101#01,감천합류전 n to 201101#02,20,2011,
797,201101#02,한천합류전 n to 201103#01,20,2011,
798,201102#01,구미시(양포교) s to 201102#02,20,2011,
799,201102#02,한천 n to 201103#01,20,2011,
800,201103#01,구미시(구미대교) s to 201103#02,20,2011,
801,201103#02,칠곡보 f to 201104#01,20,2011,
802,201104#01,칠곡군(호국의다리) s to 201104#02,20,2011,
803,201104#02,성주군(성주대교) s to 201104#03,20,2011,
804,201104#03,성주수위표 n to 201108#01,20,2011,
805,201105#01,백천상류 n to 201107#01,20,2011,
806,201106#01,봉학저수지 f to 201106#02,20,2011,
807,201106#02,이천 n to 201107#01,20,2011,
808,201107#01,성주군(도성교) s to 201107#02,20,2011,
809,201107#02,백천하류 n to 201108#01,20,2011,
810,201108#01,대구시(매곡리) s to 201108#02,20,2011,
811,201108#02,강정고령보 f to 201402#01,20,2011,
812,201201#01,영천댐 f to 201202#01,20,2012,
813,201202#01,임고천합류전 n to 201202#04,20,2012,
814,201202#02,임고저수지 f to 201202#03,20,2012,
815,201202#03,임고천 n to 201202#04,20,2012,
816,201202#04,영천시(단포교) s to 201202#05,20,2012,
817,201202#05,자호천 n to 201206#01,20,2012,
818,201203#01,고촌천 n to 201206#01,20,2012,
819,201204#01,영천시(굼이교) s to 201204#02,20,2012,
820,201204#02,보현산댐 f to 201204#03,20,2012,
821,201204#03,영천시(자천교) s to 201204#04,20,2012,
822,201204#04,고현천 n to 201205#02,20,2012,
823,201205#01,고현천합류전 n to 201205#02,20,2012,
824,201205#02,영천시(영양교) s to 201205#03,20,2012,
825,201205#03,신령천 n to 201206#03,20,2012,
826,201206#01,영천시(영동교) s to 201206#02,20,2012,
827,201206#02,신령천합류전 n to 201206#03,20,2012,
828,201206#03,북안천합류전 n to 201206#05,20,2012,
829,201206#04,북안천 n to 201206#05,20,2012,
830,201206#05,금호강시점 n to 201207#01,20,2012,
831,201207#01,영천시(금창교) s to 201207#02,20,2012,
832,201207#02,금호강상류 n to 201211#01,20,2012,
833,201208#01,청통천 n to 201211#01,20,2012,
834,201209#01,송림저수지 f to 201209#02,20,2012,
835,201209#02,경산시(압량교) s to 201209#03,20,2012,
836,201209#03,오목천 n to 201211#03,20,2012,
837,201210#01,대구시(성동교) s to 201210#02,20,2012,
838,201210#02,남천 n to 201211#05,20,2012,
839,201211#01,경산시(환상리) s to 201211#02,20,2012,
840,201211#02,오목천합류전 n to 201211#03,20,2012,
841,201211#03,대구시(안심교) s to 201211#04,20,2012,
842,201211#04,남천합류전 n to 201211#05,20,2012,
843,201211#05,동촌수위표 n to 201214#01,20,2012,
844,201212#01,공산댐 f to 201213#01,20,2012,
845,201213#01,대구시(동화교) s to 201213#02,20,2012,
846,201213#02,동화천 n to 201214#03,20,2012,
847,201214#01,대구시(신암동) s to 201214#02,20,2012,
848,201214#02,동화천합류전 n to 201214#03,20,2012,
849,201214#03,대구시(산격대교) s to 201214#04,20,2012,
850,201214#04,금호강중류 n to 201219#01,20,2012,
851,201215#01,신천상류 n to 201216#01,20,2012,
852,201216#01,대구시(성북교) s to 201216#02,20,2012,
853,201216#02,신천하류 n to 201219#01,20,2012,
854,201217#01,팔거천 n to 201219#03,20,2012,
855,201218#01,이언천 n to 201219#04,20,2012,
856,201219#01,대구시(노곡교) s to 201219#02,20,2012,
857,201219#02,팔거천합류전 n to 201219#03,20,2012,
858,201219#03,이언천합류전 n to 201219#04,20,2012,
859,201219#04,대구시(강창교) s to 201219#05,20,2012,
860,201219#05,금호강하류 n to 201402#01,20,2012,
861,201301#01,성주저수지 n to 201302#01,20,2013,
862,201302#01,성주군(가천교) s to 201302#02,20,2013,
863,201302#02,화죽천합류전 n to 201302#04,20,2013,
864,201302#03,성주군(화죽교) s to 201302#04,20,2013,
865,201302#04,대가천 n to 201303#01,20,2013,
866,201303#01,소가천합류전 n to 201303#04,20,2013,
867,201303#02,덕곡저수지 f to 201303#03,20,2013,
868,201303#03,소가천 n to 201303#04,20,2013,
869,201303#04,고령군(회천교) s to 201303#05,20,2013,
870,201303#05,회천상류 n to 201307#01,20,2013,
871,201304#01,이천천합류전 n to 201304#04,20,2013,
872,201304#02,죽전저수지 f to 201304#03,20,2013,
873,201304#03,이천천 n to 201304#04,20,2013,
874,201304#04,합천군(구정리) s to 201304#05,20,2013,
875,201304#05,가야천 n to 201306#01,20,2013,
876,201305#01,묘산천 n to 201306#01,20,2013,
877,201306#01,고령군(귀원교) s to 201306#02,20,2013,
878,201306#02,안림천 n to 201307#01,20,2013,
879,201307#01,고령군(사촌리) s to 201307#02,20,2013,
880,201307#02,고령군(도진교) s to 201307#03,20,2013,
881,201307#03,회천하류 n to 201407#03,20,2013,
882,201401#01,진천천 n to 201402#02,20,2014,
883,201402#01,진천천합류전 n to 201402#02,20,2014,
884,201402#02,대구시(사문진교) s to 201402#03,20,2014,
885,201402#03,기세곡천합류전 n to 201402#06,20,2014,
886,201402#04,옥연저수지 f to 201402#05,20,2014,
887,201402#05,기세곡천 n to 201402#06,20,2014,
888,201402#06,고령군(고령교) s to 201403#01,20,2014,
889,201403#01,달성보 f to 201404#01,20,2014,
890,201404#01,대구시(성하리) s to 201404#02,20,2014,
891,201404#02,현풍수위표 n to 201407#01,20,2014,
892,201405#01,달창저수지 n to 201406#01,20,2014,
893,201406#01,차천 n to 201407#01,20,2014,
894,201407#01,대구시(내리) s to 201407#02,20,2014,
895,201407#02,회천합류전 n to 201407#03,20,2014,
896,201407#03,합천군(율지교) s to 201407#04,20,2014,
897,201407#04,합천창녕보 f to 201701#01,20,2014,
898,201501#01,웅양저수지 f to 201501#02,20,2015,
899,201501#02,계수천 n to 201502#02,20,2015,
900,201502#01,계수천합류전 n to 201502#02,20,2015,
901,201502#02,거창군(의동교) s to 201502#03,20,2015,
902,201502#03,황강상류 n to 201505#01,20,2015,
903,201503#01,거창위천상류 n to 201504#01,20,2015,
904,201504#01,거창군(거열교) s to 201504#02,20,2015,
905,201504#02,거창위천하류 n to 201505#01,20,2015,
906,201505#01,거창군(남하교) s to 201505#02,20,2015,
907,201505#02,합천댐상류 n to 201508#01,20,2015,
908,201506#01,가북저수지 f to 201506#02,20,2015,
909,201506#02,거창군(지산교) s to 201506#03,20,2015,
910,201506#03,가천천 n to 201508#01,20,2015,
911,201507#01,합천군(술곡교) s to 201507#02,20,2015,
912,201507#02,사천천 n to 201508#02,20,2015,
913,201508#01,사천천합류전 n to 201508#02,20,2015,
914,201508#02,합천댐 f to 201601#01,20,2015,
915,201601#01,합천군(합천댐방수로) n to 201601#02,20,2016,
916,201601#02,합천조정지 f to 201601#03,20,2016,
917,201601#03,합천군(남정교) s to 201602#01,20,2016,
918,201602#01,합천수위표하류 n to 201603#01,20,2016,
919,201603#01,합천군(기리교) s to 201603#02,20,2016,
920,201603#02,합천군(황강교) s to 201604#01,20,2016,
921,201604#01,황강 n to 201701#02,20,2016,
922,201701#01,황강합류전 n to 201701#02,20,2017,
923,201701#02,합천군(적포교) s to 201701#03,20,2017,
924,201701#03,토평천합류전 n to 201701#05,20,2017,
925,201701#04,창녕군(유어교) s to 201701#05,20,2017,
926,201701#05,적포교수위표 n to 201704#01,20,2017,
927,201702#01,의령군(세간교) s to 201702#02,20,2017,
928,201702#02,유곡천 n to 201703#02,20,2017,
929,201703#01,유곡천합류전 n to 201703#02,20,2017,
930,201703#02,의령군(대곡교) s to 201703#03,20,2017,
931,201703#03,신반천 n to 201704#01,20,2017,
932,201704#01,의령군(여의리) s to 201704#02,20,2017,
933,201704#02,마수원수위표 n to 201705#01,20,2017,
934,201705#01,남강합류전 n to 202001#01,20,2017,
935,201801#01,서상저수지 f to 201801#02,20,2018,
936,201801#02,남강상류 n to 201802#01,20,2018,
937,201802#01,함양군(안의교) s to 201802#02,20,2018,
938,201802#02,함양군(금천리) s to 201802#03,20,2018,
939,201802#03,함양위천합류전 n to 201806#01,20,2018,
940,201803#01,옥계저수지 f to 201803#02,20,2018,
941,201803#02,함양군(용평리) s to 201803#03,20,2018,
942,201803#03,함양군(대웅교) s to 201806#01,20,2018,
943,201804#01,람천 n to 201805#01,20,2018,
944,201805#01,함양군(의탄리) s to 201805#02,20,2018,
945,201805#02,함양군(화촌리) s to 201805#03,20,2018,
946,201805#03,임천 n to 201806#02,20,2018,
947,201806#01,임천합류전 n to 201806#02,20,2018,
948,201806#02,산청군(고읍교) s to 201806#03,20,2018,
949,201806#03,산청군(경호교) s to 201806#04,20,2018,
950,201806#04,산청수위표 n to 201807#01,20,2018,
951,201807#01,산청군(수산교) s to 201807#02,20,2018,
952,201807#02,양천합류전 n to 201810#01,20,2018,
953,201808#01,상법천합류전 n to 201808#04,20,2018,
954,201808#02,손항저수지 f to 201808#03,20,2018,
955,201808#03,상법천 n to 201808#04,20,2018,
956,201808#04,단계천합류전 n to 201808#07,20,2018,
957,201808#05,율현저수지 f to 201808#06,20,2018,
958,201808#06,단계천 n to 201808#07,20,2018,
959,201808#07,산청군(소이교) s to 201808#08,20,2018,
960,201808#08,신등천 n to 201809#03,20,2018,
961,201809#01,합천군(소오리) s to 201809#02,20,2018,
962,201809#02,신등천합류전 n to 201809#03,20,2018,
963,201809#03,산청군(하정리) s to 201809#04,20,2018,
964,201809#04,양천 n to 201810#01,20,2018,
965,201810#01,산청군(묵곡교) s to 201810#02,20,2018,
966,201810#02,남강댐상류 n to 201814#01,20,2018,
967,201811#01,산청군(원리교) s to 201813#01,20,2018,
968,201812#01,시천천 n to 201813#01,20,2018,
969,201813#01,산청군(창촌리) s to 201813#02,20,2018,
970,201813#02,호계천합류전 n to 201813#05,20,2018,
971,201813#03,옥종저수지 f to 201813#04,20,2018,
972,201813#04,호계천 n to 201813#05,20,2018,
973,201813#05,하동군(대곡리) s to 201813#06,20,2018,
974,201813#06,덕천강하류 n to 201814#02,20,2018,
975,201814#01,덕천강합류전 n to 201814#03,20,2018,
976,201814#02,진주시(내평리) s to 201814#03,20,2018,
977,201814#03,남강댐 f to 201901#01,20,2018,
978,201901#01,진주시(장대동) s to 201901#02,20,2019,
979,201901#02,영천강합류전 n to 201903#01,20,2019,
980,201902#01,고성군(두문교) s to 201902#02,20,2019,
981,201902#02,진주시(옥산교) s to 201902#03,20,2019,
982,201902#03,영천강 n to 201903#01,20,2019,
983,201903#01,진주시(덕오리) s to 201903#02,20,2019,
984,201903#02,진주시(월강교) s to 201903#03,20,2019,
985,201903#03,반성천합류후 n to 201905#01,20,2019,
986,201904#01,반성천 n to 201905#01,20,2019,
987,201905#01,진주시(장박교) s to 201905#02,20,2019,
988,201905#02,의령군(정암교) s to 201905#03,20,2019,
989,201905#03,정암수위표 n to 201908#01,20,2019,
990,201906#01,석교천 n to 201908#01,20,2019,
991,201907#01,가례천합류전 n to 201907#04,20,2019,
992,201907#02,서암저수지 f to 201907#03,20,2019,
993,201907#03,가례천 n to 201907#04,20,2019,
994,201907#04,의령군(공단교) s to 201907#05,20,2019,
995,201907#05,의령천 n to 201908#01,20,2019,
996,201908#01,함안천합류전 n to 201910#01,20,2019,
997,201909#01,함안군(대사교) s to 201909#02,20,2019,
998,201909#02,함안군(서촌리) s to 201909#03,20,2019,
999,201909#03,함안천 n to 201910#01,20,2019,
1000,201910#01,함안군(송도교) s to 201910#02,20,2019,
1001,201910#02,의령군(성산리) s to 201910#03,20,2019,
1002,201910#03,남강하류 n to 202001#01,20,2019,
1003,202001#01,함안군(계내리) s to 202004#01,20,2020,
1004,202002#01,창녕군(강리) s to 202002#02,20,2020,
1005,202002#02,계성천 n to 202004#02,20,2020,
1006,202003#01,함안군(소랑교) s to 202004#03,20,2020,
1007,202004#01,계성천합류전 n to 202004#02,20,2020,
1008,202004#02,광려천합류전 n to 202004#03,20,2020,
1009,202004#03,창녕함안보 f to 202005#01,20,2020,
1010,202005#01,창녕군(청암리) s to 202006#01,20,2020,
1011,202006#01,신천합류후 n to 202010#01,20,2020,
1012,202007#01,밀양시(판곡교) s to 202007#02,20,2020,
1013,202007#02,밀양시(인교) s to 202007#03,20,2020,
1014,202007#03,청도천 n to 202010#01,20,2020,
1015,202008#01,주천강 n to 202010#03,20,2020,
1016,202009#01,진례저수지 f to 202009#02,20,2020,
1017,202009#02,김해시(오서교) s to 202009#03,20,2020,
1018,202009#03,화포천 n to 202010#04,20,2020,
1019,202010#01,창원시(수산대교) s to 202010#02,20,2020,
1020,202010#02,주천강합류전 n to 202010#03,20,2020,
1021,202010#03,화포천합류전 n to 202010#04,20,2020,
1022,202010#04,밀양강합류전 n to 202201#01,20,2020,
1023,202101#01,경주시(의곡교) s to 202101#02,20,2021,
1024,202101#02,경주시(매곡교) s to 202101#03,20,2021,
1025,202101#03,운문천합류전 n to 202101#06,20,2021,
1026,202101#04,청도군(신원1교) s to 202101#05,20,2021,
1027,202101#05,운문천 n to 202101#06,20,2021,
1028,202101#06,운문댐 f to 202102#01,20,2021,
1029,202102#01,청도군(임당교) s to 202102#02,20,2021,
1030,202102#02,청도군(매전교) s to 202102#03,20,2021,
1031,202102#03,동창천 n to 202108#01,20,2021,
1032,202103#01,청도천상류 n to 202104#01,20,2021,
1033,202104#01,청도군(원리) s to 202104#02,20,2021,
1034,202104#02,청도천하류 n to 202108#01,20,2021,
1035,202105#01,양산시(대리) s to 202105#02,20,2021,
1036,202105#02,밀양댐 f to 202105#03,20,2021,
1037,202105#03,밀양댐하류 n to 202107#01,20,2021,
1038,202106#01,동천 n to 202107#02,20,2021,
1039,202107#01,단장-동천합류전 n to 202107#02,20,2021,
1040,202107#02,밀양시(금곡리) s to 202107#03,20,2021,
1041,202107#03,단장천 n to 202108#03,20,2021,
1042,202108#01,밀양시(상동교) s to 202108#02,20,2021,
1043,202108#02,단장천합류전 n to 202108#03,20,2021,
1044,202108#03,밀양시(용평동) s to 202108#04,20,2021,
1045,202108#04,밀양수위표 n to 202109#01,20,2021,
1046,202109#01,밀양시(남천교) s to 202109#02,20,2021,
1047,202109#02,밀양시(남포동) s to 202109#03,20,2021,
1048,202109#03,밀양시(삼상교) s to 202109#04,20,2021,
1049,202109#04,밀양강 n to 202201#01,20,2021,
1050,202201#01,밀양시(삼랑진교) s to 202201#02,20,2022,
1051,202201#02,원동천합류전 n to 202202#01,20,2022,
1052,202202#01,김해시(월촌리) s to 202205#01,20,2022,
1053,202203#01,양산시(효충교) s to 202203#02,20,2022,
1054,202203#02,양산천상류 n to 202204#01,20,2022,
1055,202204#01,양산시(양산교) s to 202204#02,20,2022,
1056,202204#02,양산시(호포대교) s to 202205#01,20,2022,
1057,202205#01,부산시(구포대교) s to 202208#01,20,2022,
1058,202206#01,김해시(정천교) s to 202206#02,20,2022,
1059,202206#02,조만강 n to 202207#03,20,2022,
1060,202207#01,부산시(강동교) s to 202207#02,20,2022,
1061,202207#02,조만강합류전 n to 202207#03,20,2022,
1062,202207#03,서낙동강 n to 000000#02,20,2022,
1063,202208#01,낙동강하구언 f to 000000#01,20,2022,
1064,210101#01,경주시(망성교) s to 210101#02,21,2101,
1065,210101#02,형산강상류 n to 210108#01,21,2101,
1066,210102#01,경주시(효현교) s to 210102#02,21,2101,
1067,210102#02,대천 n to 210108#01,21,2101,
1068,210103#01,남천합류전 n to 210108#02,21,2101,
1069,210104#01,덕동저수지 f to 210105#01,21,2101,
1070,210105#01,보문저수지 f to 210105#02,21,2101,
1071,210105#02,북천 n to 210108#04,21,2101,
1072,210106#01,칠평천 n to 210108#06,21,2101,
1073,210107#01,경주시(달성교) s to 210107#02,21,2101,
1074,210107#02,안계댐수로합류전 n to 210107#05,21,2101,
1075,210107#03,안계댐여수로 n to 210107#04,21,2101,
1076,210107#04,안계댐수로 n to 210107#05,21,2101,
1077,210107#05,기계천 n to 210108#07,21,2101,
1078,210108#01,남천합류전 n to 210108#02,21,2101,
1079,210108#02,경주시(서천교) s to 210108#03,21,2101,
1080,210108#03,북천합류전 n to 210108#04,21,2101,
1081,210108#04,경주시(모아리) s to 210108#05,21,2101,
1082,210108#05,칠평천합류전 n to 210108#06,21,2101,
1083,210108#06,기계천합류전 n to 210108#07,21,2101,
1084,210108#07,경주시(강동대교) s to 210109#01,21,2101,
1085,210109#01,경주시(국당리) s to 210109#02,21,2101,
1086,210109#02,포항시(형산교) s to 210109#03,21,2101,
1087,210109#03,형산강하류 n to 000000#01,21,2101,
1088,220101#01,울산시(구수교) s to 220101#02,22,2201,
1089,220101#02,울산시(대암교) s to 220101#03,22,2201,
1090,220101#03,둔기천합류후 n to 220101#04,22,2201,
1091,220101#04,울산시(사연교) s to 220104#01,22,2201,
1092,220102#01,대암댐 f to 220101#03,22,2201,
1093,220103#01,대곡댐 f to 220103#02,22,2201,
1094,220103#02,울산시(반구교) s to 220103#03,22,2201,
1095,220103#03,사연댐 f to 220104#01,22,2201,
1096,220104#01,울산시(선바위교) s to 220104#02,22,2201,
1097,220104#02,울산시(구영교) s to 220104#03,22,2201,
1098,220104#03,울산시(삼호교) s to 220106#01,22,2201,
1099,220105#01,울산시(신답교) s to 220105#02,22,2201,
1100,220105#02,울산시(병영교) s to 220105#03,22,2201,
1101,220105#03,동천 n to 220106#03,22,2201,
1102,220106#01,울산시(태화교) s to 220106#02,22,2201,
1103,220106#02,동천합류전 n to 220106#03,22,2201,
1104,220106#03,태화강 n to 000000#01,22,2201,
1105,230102#01,울산시(통천교) s to 230102#02,23,2301,
1106,230102#02,회야댐 f to 230103#01,23,2301,
1107,230103#01,울산시(동천1교) s to 230103#02,23,2301,
1108,230103#02,울산시(덕신교) s to 230103#03,23,2301,
1109,230103#03,남창천합류전 n to 230103#05,23,2301,
1110,230103#04,남창천 n to 230103#05,23,2301,
1111,230103#05,회야강 n to 000000#01,23,2301,
1112,230202#01,회동수원지 f to 230203#01,23,2302,
1113,230203#01,부산시(동천교) s to 230203#02,23,2302,
1114,230203#02,부산시(원동교) s to 230203#03,23,2302,
1115,230203#03,온천천합류전 n to 230203#06,23,2302,
1116,230203#04,부산시(세병교) s to 230203#05,23,2302,
1117,230203#05,온천천 n to 230203#06,23,2302,
1118,230203#06,수영강 n to 000000#02,23,2302,
1119,240102#01,울진군(올미골교) s to 240102#02,24,2401,
1120,240102#02,울진군(월변교) s to 240102#03,24,2401,
1121,240102#03,남대천 n to 000000#01,24,2401,
1122,240103#01,신원천합류전 n to 240103#03,24,2401,
1123,240103#02,신원천 n to 240103#03,24,2401,
1124,240103#03,본돈천합류전 n to 240103#05,24,2401,
1125,240103#04,본돈천 n to 240103#05,24,2401,
1126,240103#05,신암천합류전 n to 240103#07,24,2401,
1127,240103#06,신암천 n to 240103#07,24,2401,
1128,240103#07,장수포천 n to 240106#01,24,2401,
1129,240104#01,매화저수지 f to 240104#02,24,2401,
1130,240104#02,매화리(매화교) n to 240104#03,24,2401,
1131,240104#03,매화천 n to 240106#03,24,2401,
1132,240105#01,후곡천합류전 n to 240105#03,24,2401,
1133,240105#02,후곡천 n to 240105#03,24,2401,
1134,240105#03,보부천합류전 n to 240105#05,24,2401,
1135,240105#04,보부천 n to 240105#05,24,2401,
1136,240105#05,광천 n to 240106#04,24,2401,
1137,240106#01,울진군(구산리) s to 240106#02,24,2401,
1138,240106#02,매화천합류전 n to 240106#03,24,2401,
1139,240106#03,광천합류전 n to 240106#04,24,2401,
1140,240106#04,울진군(수산교) s to 240106#05,24,2401,
1141,240106#05,왕피천 n to 000000#02,24,2401,
1142,240110#01,영덕군(인량교) s to 240110#02,24,2401,
1143,240110#02,남천합류전 n to 240110#05,24,2401,
1144,240110#03,묘곡저수지 f to 240110#04,24,2401,
1145,240110#04,남천 n to 240110#05,24,2401,
1146,240110#05,송천 n to 000000#03,24,2401,
1147,240202#01,신안천 n to 240202#02,24,2402,
1148,240202#02,신안천합류전 n to 240202#03,24,2402,
1149,240202#03,영덕오십천상류 n to 240204#01,24,2402,
1150,240203#01,가천합류전 n to 240203#03,24,2402,
1151,240203#02,가천 n to 240203#03,24,2402,
1152,240203#03,영덕군(대지리) n to 240203#04,24,2402,
1153,240203#04,소서천합류전 n to 240203#08,24,2402,
1154,240203#05,용덕천합류전 n to 240203#07,24,2402,
1155,240203#06,용덕천 n to 240203#07,24,2402,
1156,240203#07,소서천 n to 240203#08,24,2402,
1157,240203#08,대서천 n to 240204#01,24,2402,
1158,240204#01,관동천합류전 n to 240204#03,24,2402,
1159,240204#02,관동천 n to 240204#03,24,2402,
1160,240204#03,영덕군(영덕대교) s to 240204#04,24,2402,
1161,240204#04,영덕오십천하류 n to 000000#04,24,2402,
1162,240207#01,용연저수지 f to 240208#01,24,2402,
1163,240208#01,초곡천합류전 n to 240208#03,24,2402,
1164,240208#02,초곡천 n to 240208#03,24,2402,
1165,240208#03,곡강천 n to 000000#05,24,2402,
1166,240302#01,진전천+3 n to 240302#02,24,2403,
1167,240302#02,진전천+3합류전 n to 240302#04,24,2403,
1168,240302#03,진전천+2합류후 n to 240302#04,24,2403,
1169,240302#04,진전천+1합류전 n to 240302#06,24,2403,
1170,240302#05,진전천+1 n to 240302#06,24,2403,
1171,240302#06,진전저수지 f to 240302#07,24,2403,
1172,240302#07,은적천합류전 n to 240302#09,24,2403,
1173,240302#08,은적천 n to 240302#09,24,2403,
1174,240302#09,석낭지천합류전 n to 240302#11,24,2403,
1175,240302#10,석낭지천 n to 240302#11,24,2403,
1176,240302#11,문충천합류전 n to 240302#13,24,2403,
1177,240302#12,문충천 n to 240302#13,24,2403,
1178,240302#13,신광천합류전 n to 240302#20,24,2403,
1179,240302#14,항사천합류전 n to 240302#18,24,2403,
1180,240302#15,항사천+합류전 n to 240302#17,24,2403,
1181,240302#16,항사천+ n to 240302#17,24,2403,
1182,240302#17,항사천 n to 240302#18,24,2403,
1183,240302#18,오어저수지 f to 240302#19,24,2403,
1184,240302#19,신광천 n to 240302#20,24,2403,
1185,240302#20,용산천합류전 n to 240302#22,24,2403,
1186,240302#21,용산천 n to 240302#22,24,2403,
1187,240302#22,포항시(문덕3교) s to 240302#23,24,2403,
1188,240302#23,세계천합류전 n to 240302#25,24,2403,
1189,240302#24,세계천 n to 240302#25,24,2403,
1190,240302#25,원용교 n to 240302#26,24,2403,
1191,240302#26,인덕교 n to 240302#27,24,2403,
1192,240302#27,냉천교 n to 240302#28,24,2403,
1193,240302#28,냉천 n to 000000#06,24,2403,
1194,240304#01,호암천합류전 n to 240304#03,24,2403,
1195,240304#02,호암천 n to 240304#03,24,2403,
1196,240304#03,용동천합류후 n to 240304#04,24,2403,
1197,240304#04,양북면(입천교) n to 240304#05,24,2403,
1198,240304#05,양북면(두산대교) n to 240304#06,24,2403,
1199,240304#06,양북면(구갈교) n to 240304#07,24,2403,
1200,240304#07,대종천 n to 000000#07,24,2403,
1201,300101#01,와룡천합류전 n to 300101#04,30,3001,
1202,300101#02,천천저수지 f to 300101#03,30,3001,
1203,300101#03,와룡천 n to 300101#04,30,3001,
1204,300101#04,장수군(운곡교) s to 300101#05,30,3001,
1205,300101#05,장계천합류후 n to 300104#01,30,3001,
1206,300102#01,대곡저수지 f to 300102#02,30,3001,
1207,300102#02,장수군(장계제2교) s to 300102#03,30,3001,
1208,300102#03,장계천 n to 300104#01,30,3001,
1209,300103#01,공정저수지 f to 300103#02,30,3001,
1210,300103#02,양악천합류전 n to 300103#05,30,3001,
1211,300103#03,지소저수지 f to 300103#04,30,3001,
1212,300103#04,양악천 n to 300103#05,30,3001,
1213,300103#05,진안군(성산리) s to 300103#06,30,3001,
1214,300103#06,구량천 n to 300104#03,30,3001,
1215,300104#01,장수군(연화교) s to 300104#02,30,3001,
1216,300104#02,구량천합류전 n to 300104#03,30,3001,
1217,300104#03,진안천합류후 n to 300108#01,30,3001,
1218,300105#01,반월저수지합류전 n to 300105#04,30,3001,
1219,300105#02,반월저수지 f to 300105#03,30,3001,
1220,300105#03,반월저수지수로 n to 300105#04,30,3001,
1221,300105#04,진안군(송대교) s to 300105#05,30,3001,
1222,300105#05,진안천 n to 300108#01,30,3001,
1223,300106#01,황금천합류전 n to 300106#04,30,3001,
1224,300106#02,황금저수지 f to 300106#03,30,3001,
1225,300106#03,황금천 n to 300106#04,30,3001,
1226,300106#04,진안군(석정교) s to 300106#05,30,3001,
1227,300106#05,정자천 n to 300108#02,30,3001,
1228,300107#01,주자천 n to 300108#03,30,3001,
1229,300108#01,정자천합류전 n to 300108#02,30,3001,
1230,300108#02,주자천합류전 n to 300108#03,30,3001,
1231,300108#03,용담댐 f to 300201#01,30,3001,
1232,300201#01,진안군(신용담교) s to 300201#02,30,3002,
1233,300201#02,진안군(감동교) s to 300201#03,30,3002,
1234,300201#03,무주군(대티교) s to 300201#04,30,3002,
1235,300201#04,용담댐하류 n to 300401#01,30,3002,
1236,300301#01,무주군(신촌농2교) s to 300301#02,30,3003,
1237,300301#02,원당천합류전 n to 300301#05,30,3003,
1238,300301#03,무주군(하두교) s to 300301#04,30,3003,
1239,300301#04,원당천 n to 300301#05,30,3003,
1240,300301#05,무주남대천상류 n to 300302#01,30,3003,
1241,300302#01,무주군(여의교) s to 300302#02,30,3003,
1242,300302#02,무주남대천중류 n to 300303#03,30,3003,
1243,300303#01,괴목저수지 f to 300303#02,30,3003,
1244,300303#02,무주군(산성교) s to 300303#03,30,3003,
1245,300303#03,상곡천합류후 n to 300303#04,30,3003,
1246,300303#04,무주군(취수장) s to 300303#05,30,3003,
1247,300303#05,무주남대천하류 n to 300401#01,30,3003,
1248,300401#01,금산군(적벽교) s to 300401#02,30,3004,
1249,300401#02,금산군(제원대교) s to 300401#03,30,3004,
1250,300401#03,봉황천합류후 n to 300404#01,30,3004,
1251,300402#01,금산군(음대교) s to 300402#02,30,3004,
1252,300402#02,신정천합류전 n to 300402#05,30,3004,
1253,300402#03,신동저수지 f to 300402#04,30,3004,
1254,300402#04,신정천 n to 300402#05,30,3004,
1255,300402#05,봉황천상류 n to 300403#01,30,3004,
1256,300403#01,금산군(황풍교) s to 300403#02,30,3004,
1257,300403#02,금산군(제원교) s to 300403#03,30,3004,
1258,300403#03,봉황천하류 n to 300404#01,30,3004,
1259,300404#01,영동군(호탄리) s to 300404#02,30,3004,
1260,300404#02,호탄수위표 n to 300405#01,30,3004,
1261,300501#01,추풍령저수지 f to 300501#02,30,3005,
1262,300501#02,영동군(금상교) s to 300501#03,30,3005,
1263,300501#03,초강상류 n to 300503#01,30,3005,
1264,300502#01,영동군(백화교) s to 300502#02,30,3005,
1265,300502#02,석천 n to 300503#01,30,3005,
1266,300503#01,영동군(율리) s to 300503#02,30,3005,
1267,300503#02,영동군(심천교) s to 300503#03,30,3005,
1268,300503#03,초강하류 n to 300405#04,30,3005,
1269,300405#01,영동군(양강교) s to 300405#02,30,3004,
1270,300405#02,영동천합류전 n to 300405#03,30,3004,
1271,300405#03,초강합류전 n to 300405#04,30,3004,
1272,300405#04,초강합류후 n to 300601#01,30,3004,
1273,300406#01,영동군(영산교) s to 300406#02,30,3004,
1274,300406#02,영동군(초강교) s to 300406#03,30,3004,
1275,300406#03,영동천 n to 300405#03,30,3004,
1276,300601#01,옥천군(이원대교) s to 300601#02,30,3006,
1277,300601#02,건진천합류전 n to 300601#05,30,3006,
1278,300601#03,장찬저수지 f to 300601#04,30,3006,
1279,300601#04,건진천 n to 300601#05,30,3006,
1280,300601#05,옥천군((구)금강2교) s to 300601#06,30,3006,
1281,300601#06,보청천합류전 n to 300801#01,30,3006,
1282,300701#01,궁저수지 f to 300701#02,30,3007,
1283,300701#02,보은군(산성교) s to 300701#03,30,3007,
1284,300701#03,보은군(이평교) s to 300701#04,30,3007,
1285,300701#04,보청천상류 n to 300703#01,30,3007,
1286,300702#01,보청저수지 f to 300702#02,30,3007,
1287,300702#02,항건천 n to 300703#01,30,3007,
1288,300703#01,보은군(대양교) s to 300703#02,30,3007,
1289,300703#02,삼가천합류후 n to 300705#01,30,3007,
1290,300704#01,비룡저수지 f to 300704#02,30,3007,
1291,300704#02,보은군(탄부교) s to 300704#03,30,3007,
1292,300704#03,삼가천 n to 300705#01,30,3007,
1293,300705#01,보은군(기대교) s to 300705#02,30,3007,
1294,300705#02,옥천군(대성1교) s to 300705#03,30,3007,
1295,300705#03,보청천중류 n to 300706#01,30,3007,
1296,300706#01,옥천군(산계교) s to 300706#02,30,3007,
1297,300706#02,옥천군(산계리) s to 300706#03,30,3007,
1298,300706#03,보청천하류 n to 300801#01,30,3007,
1299,300801#01,대청댐상류 n to 300804#01,30,3008,
1300,300802#01,소옥천상류 n to 300803#01,30,3008,
1301,300803#01,옥천군(옥각교) s to 300803#02,30,3008,
1302,300803#02,소옥천하류 n to 300804#01,30,3008,
1303,300804#01,회인천합류전 n to 300804#04,30,3008,
1304,300804#02,쌍암저수지 f to 300804#03,30,3008,
1305,300804#03,회인천 n to 300804#04,30,3008,
1306,300804#04,대청댐 f to 300805#01,30,3008,
1307,300805#01,대청조정지댐 f to 300805#02,30,3008,
1308,300805#02,대전시(금강1교) s to 300805#03,30,3008,
1309,300805#03,대청댐조정지 n to 301001#01,30,3008,
1310,300901#01,대전시(용촌교) s to 300901#02,30,3009,
1311,300901#02,두계천합류전 n to 300901#05,30,3009,
1312,300901#03,대전시(두계교) s to 300901#04,30,3009,
1313,300901#04,두계천 n to 300901#05,30,3009,
1314,300901#05,갑천상류 n to 300902#01,30,3009,
1315,300902#01,방동저수지합류전 n to 300902#04,30,3009,
1316,300902#02,방동저수지 f to 300902#03,30,3009,
1317,300902#03,방동저수지수로 n to 300902#04,30,3009,
1318,300902#04,대전시(가수원교) s to 300902#05,30,3009,
1319,300902#05,대전시(만년교) s to 300906#01,30,3009,
1320,300903#01,금산군(문암교) s to 300903#02,30,3009,
1321,300903#02,유등천상류 n to 300905#01,30,3009,
1322,300904#01,대전시(인창교) s to 300904#02,30,3009,
1323,300904#02,대동천합류전 n to 300904#05,30,3009,
1324,300904#03,대전시(철갑교) s to 300904#04,30,3009,
1325,300904#04,대동천 n to 300904#05,30,3009,
1326,300904#05,대전천 n to 300905#03,30,3009,
1327,300905#01,대전시(복수교) s to 300905#02,30,3009,
1328,300905#02,대전천합류전 n to 300905#03,30,3009,
1329,300905#03,대전시(한밭대교) s to 300905#04,30,3009,
1330,300905#04,유등천하류 n to 300906#03,30,3009,
1331,300906#01,대전시(대덕대교) s to 300906#02,30,3009,
1332,300906#02,유등천합류전 n to 300906#03,30,3009,
1333,300906#03,대전시(원촌교) s to 300906#04,30,3009,
1334,300906#04,대전시(신구교) s to 300906#05,30,3009,
1335,300906#05,대전시(봉산동) s to 300906#06,30,3009,
1336,300906#06,갑천하류 n to 301001#01,30,3009,
1337,301001#01,세종시(노호리) s to 301002#01,30,3010,
1338,301002#01,세종시(명학리) s to 301002#02,30,3010,
1339,301002#02,미호천합류전 n to 301201#01,30,3010,
1340,301101#01,진천군(인산리) s to 301101#02,30,3011,
1341,301101#02,한천 n to 301102#06,30,3011,
1342,301102#01,칠장천합류전 n to 301102#04,30,3011,
1343,301102#02,광혜저수지 f to 301102#03,30,3011,
1344,301102#03,칠장천 n to 301102#04,30,3011,
1345,301102#04,진천군(가산교) s to 301102#05,30,3011,
1346,301102#05,한천합류전 n to 301102#06,30,3011,
1347,301102#06,진천군(오갑교) s to 301102#07,30,3011,
1348,301102#07,미호천상류 n to 301108#01,30,3011,
1349,301103#01,백곡저수지 f to 301104#01,30,3011,
1350,301104#01,진천군(신정교) s to 301104#02,30,3011,
1351,301104#02,백곡천 n to 301108#01,30,3011,
1352,301105#01,원남저수지 f to 301106#01,30,3011,
1353,301106#01,군자천합류전 n to 301106#04,30,3011,
1354,301106#02,맹동저수지 f to 301106#03,30,3011,
1355,301106#03,군자천 n to 301106#04,30,3011,
1356,301106#04,진천군(금곡교) s to 301106#05,30,3011,
1357,301106#05,미호저수지 f to 301108#02,30,3011,
1358,301107#01,삼기천합류전 n to 301107#04,30,3011,
1359,301107#02,삼기저수지 f to 301107#03,30,3011,
1360,301107#03,삼기천 n to 301107#04,30,3011,
1361,301107#04,증평군(반탄교) s to 301107#05,30,3011,
1362,301107#05,보강천 n to 301108#04,30,3011,
1363,301108#01,초평천합류전 n to 301108#03,30,3011,
1364,301108#02,초평천 n to 301108#03,30,3011,
1365,301108#03,청주시(여암교) s to 301108#04,30,3011,
1366,301108#04,미호천중류 n to 301109#01,30,3011,
1367,301109#01,청주시(팔결교) s to 301109#02,30,3011,
1368,301109#02,무심천합류전 n to 301109#03,30,3011,
1369,301109#03,작천보 n to 301113#01,30,3011,
1370,301110#01,한계저수지 f to 301110#02,30,3011,
1371,301110#02,청주시(노동교) s to 301110#03,30,3011,
1372,301110#03,청주시(용평교) s to 301110#04,30,3011,
1373,301110#04,청주시(흥덕교) s to 301110#05,30,3011,
1374,301110#05,무심천 n to 301109#03,30,3011,
1375,301111#01,산방천합류전 n to 301111#04,30,3011,
1376,301111#02,용연저수지 f to 301111#03,30,3011,
1377,301111#03,산방천 n to 301111#04,30,3011,
1378,301111#04,병천천상류 n to 301112#01,30,3011,
1379,301112#01,천안시(장산교) s to 301112#02,30,3011,
1380,301112#02,청주시(환희교) s to 301112#03,30,3011,
1381,301112#03,병천천하류 n to 301113#02,30,3011,
1382,301113#01,병천천합류전 n to 301113#02,30,3011,
1383,301113#02,청주시(미호천교) s to 301115#01,30,3011,
1384,301114#01,세종시(상조천교) s to 301114#02,30,3011,
1385,301114#02,조천 n to 301115#03,30,3011,
1386,301115#01,세종시(미호교) s to 301115#02,30,3011,
1387,301115#02,조천합류전 n to 301115#03,30,3011,
1388,301115#03,월하천합류전 n to 301115#07,30,3011,
1389,301115#04,용암저수지 f to 301115#05,30,3011,
1390,301115#05,세종시(월암교) s to 301115#06,30,3011,
1391,301115#06,월하천 n to 301115#07,30,3011,
1392,301115#07,세종시(월산교) s to 301115#08,30,3011,
1393,301115#08,미호천하류 n to 301201#01,30,3011,
1394,301201#01,세종시(햇무리교) s to 301201#02,30,3012,
1395,301201#02,세종시(금남교) s to 301201#03,30,3012,
1396,301201#03,세종보 f to 301204#01,30,3012,
1397,301202#01,세종시(도암교) s to 301202#02,30,3012,
1398,301202#02,용수천 n to 301204#01,30,3012,
1399,301203#01,중흥저수지 f to 301203#02,30,3012,
1400,301203#02,세종시(산봉교) s to 301203#03,30,3012,
1401,301203#03,대교천 n to 301204#02,30,3012,
1402,301204#01,대교천합류전 n to 301204#02,30,3012,
1403,301204#02,공주시(마암리) s to 301204#03,30,3012,
1404,301204#03,공주시(금강교) s to 301205#07,30,3012,
1405,301205#01,고성천합류전 n to 301205#04,30,3012,
1406,301205#02,정안저수지 f to 301205#03,30,3012,
1407,301205#03,고성천 n to 301205#04,30,3012,
1408,301205#04,공주시(오인교) s to 301205#05,30,3012,
1409,301205#05,정안천 n to 301205#07,30,3012,
1410,301205#06,제민천 n to 301205#07,30,3012,
1411,301205#07,정안-제민천합류후 n to 301205#08,30,3012,
1412,301205#08,도천합류전 n to 301205#11,30,3012,
1413,301205#09,한천저수지 f to 301205#10,30,3012,
1414,301205#10,도천 n to 301205#11,30,3012,
1415,301205#11,공주보 f to 301207#01,30,3012,
1416,301206#01,공주시(평소리) s to 301206#02,30,3012,
1417,301206#02,공주시(국재교) s to 301206#03,30,3012,
1418,301206#03,유구천 n to 301207#02,30,3012,
1419,301207#01,유구천합류전 n to 301207#02,30,3012,
1420,301207#02,청양군(신흥리) s to 301208#01,30,3012,
1421,301208#01,잉화달천합류전 n to 301208#06,30,3012,
1422,301208#02,미당천합류전 n to 301208#05,30,3012,
1423,301208#03,도림저수지 f to 301208#04,30,3012,
1424,301208#04,미당천 n to 301208#05,30,3012,
1425,301208#05,잉화달천 n to 301208#06,30,3012,
1426,301208#06,백제보 f to 301211#01,30,3012,
1427,301209#01,청양군(지천교) s to 301209#02,30,3012,
1428,301209#02,지천상류 n to 301210#01,30,3012,
1429,301210#01,부여군(지천교) s to 301210#02,30,3012,
1430,301210#02,지천합류후 n to 301211#02,30,3012,
1431,301211#01,지천합류전 n to 301211#02,30,3012,
1432,301211#02,부여군(백제교) s to 301214#01,30,3012,
1433,301212#01,부여군(송학교) s to 301212#02,30,3012,
1434,301212#02,부여군(석동교) s to 301212#03,30,3012,
1435,301212#03,금천 n to 301214#02,30,3012,
1436,301213#01,논산시(석성천교) s to 301213#02,30,3012,
1437,301213#02,논산시(동성교) s to 301213#03,30,3012,
1438,301213#03,석성천 n to 301214#03,30,3012,
1439,301214#01,금천합류전 n to 301214#02,30,3012,
1440,301214#02,부여군(반조원리) s to 301214#03,30,3012,
1441,301214#03,논산천합류전 n to 301401#01,30,3012,
1442,301301#01,완주군(엄목1교) s to 301301#02,30,3013,
1443,301301#02,논산시(인천교) s to 301302#01,30,3013,
1444,301302#01,탑정저수지 f to 301305#01,30,3013,
1445,301303#01,계룡저수지 f to 301303#02,30,3013,
1446,301303#02,논산시(풋개다리) s to 301303#03,30,3013,
1447,301303#03,노성천 n to 301305#02,30,3013,
1448,301304#01,논산시(제내교) s to 301304#02,30,3013,
1449,301304#02,강경천 n to 301305#04,30,3013,
1450,301305#01,노성천합류전 n to 301305#02,30,3013,
1451,301305#02,논산시(논산대교) s to 301305#03,30,3013,
1452,301305#03,강경천합류전 n to 301305#04,30,3013,
1453,301305#04,논산천하류 n to 301401#01,30,3013,
1454,301401#01,논산시(황산대교) s to 301401#02,30,3014,
1455,301401#02,칠산천합류전 n to 301401#05,30,3014,
1456,301401#03,복심저수지 f to 301401#04,30,3014,
1457,301401#04,칠산천 n to 301401#05,30,3014,
1458,301401#05,부여군(입포리) s to 301403#01,30,3014,
1459,301402#01,서천군(북원교) s to 301402#02,30,3014,
1460,301402#02,길산천 n to 301403#06,30,3014,
1461,301403#01,원산천합류전 n to 301403#04,30,3014,
1462,301403#02,덕용저수지 f to 301403#03,30,3014,
1463,301403#03,원산천 n to 301403#04,30,3014,
1464,301403#04,서천군(옥포리) s to 301403#05,30,3014,
1465,301403#05,길산천합류전 n to 301403#06,30,3014,
1466,301403#06,금강하구언 f to 000000#01,30,3014,
1467,310101#01,홍성군(삽교천교) s to 310101#02,31,3101,
1468,310101#02,덕산천합류전 n to 310101#05,31,3101,
1469,310101#03,예산군(신리교) s to 310101#04,31,3101,
1470,310101#04,덕산천 n to 310101#05,31,3101,
1471,310101#05,삽교천상류 n to 310102#01,31,3101,
1472,310102#01,예산군(충의대교) s to 310102#02,31,3101,
1473,310102#02,효교천합류전 n to 310102#05,31,3101,
1474,310102#03,봉림저수지 f to 310102#04,31,3101,
1475,310102#04,효교천 n to 310102#05,31,3101,
1476,310102#05,예산군(구만교) s to 310103#01,31,3101,
1477,310103#01,당진시(구양교) s to 310116#01,31,3101,
1478,310104#01,무한천상류 n to 310107#01,31,3101,
1479,310105#01,화산천 n to 310107#03,31,3101,
1480,310106#01,신대저수지 f to 310106#02,31,3101,
1481,310106#02,신양천상류 n to 310107#03,31,3101,
1482,310107#01,예산군(은사교) s to 310107#02,31,3101,
1483,310107#02,신양천합류전 n to 310107#05,31,3101,
1484,310107#03,예산군(서계양교) s to 310107#04,31,3101,
1485,310107#04,신양천하류 n to 310107#05,31,3101,
1486,310107#05,예당저수지 f to 310108#01,31,3101,
1487,310108#01,예산군(예산대교) s to 310108#02,31,3101,
1488,310108#02,예산군(신례원교) s to 310108#03,31,3101,
1489,310108#03,무하천하류 n to 310116#01,31,3101,
1490,310109#01,천안시(가송교) s to 310109#02,31,3101,
1491,310109#02,곡교천상류 n to 310112#01,31,3101,
1492,310110#01,천안시(신흥교) s to 310110#02,31,3101,
1493,310110#02,풍서천 n to 310112#01,31,3101,
1494,310111#01,아산시(휴대교) s to 310111#02,31,3101,
1495,310111#02,천안천 n to 310112#02,31,3101,
1496,310112#01,천안천합류전 n to 310112#02,31,3101,
1497,310112#02,매곡천합류전 n to 310112#06,31,3101,
1498,310112#03,아산시(덕지리) s to 310112#04,31,3101,
1499,310112#04,아산시(새터교) s to 310112#05,31,3101,
1500,310112#05,매곡천 n to 310112#06,31,3101,
1501,310112#06,아산시(한내다리) s to 310112#07,31,3101,
1502,310112#07,곡교천중류 n to 310114#01,31,3101,
1503,310113#01,궁평저수지 f to 310113#02,31,3101,
1504,310113#02,아산시(온천교) s to 310113#03,31,3101,
1505,310113#03,온양천 n to 310114#01,31,3101,
1506,310114#01,아산시(충무교) s to 310114#02,31,3101,
1507,310114#02,오목천합류전 n to 310114#04,31,3101,
1508,310114#03,오목천 n to 310114#04,31,3101,
1509,310114#04,아산시(강청교) s to 310115#01,31,3101,
1510,310115#01,곡교천하류 n to 310116#02,31,3101,
1511,310116#01,곡교천합류전 n to 310116#02,31,3101,
1512,310116#02,당진시(신촌리) s to 310116#03,31,3101,
1513,310116#03,삽교천방조제 f to 000000#01,31,3101,
1514,320102#01,고풍저수지 f to 320102#02,32,3201,
1515,320102#02,역천지류1합류전 n to 320102#04,32,3201,
1516,320102#03,역천지류1 n to 320102#04,32,3201,
1517,320102#04,당진시(채운교) s to 320102#05,32,3201,
1518,320102#05,역천 n to 320102#07,32,3201,
1519,320102#06,역천합류전 n to 320102#07,32,3201,
1520,320102#07,석문방조제 f to 000000#01,32,3201,
1521,320303#01,대천천(세곡교) n to 320303#03,32,3203,
1522,320303#02,활룡천(정동교) n to 320303#03,32,3203,
1523,320303#03,청천저수지 f to 320304#01,32,3203,
1524,320304#01,보령시(동대교) s to 320304#02,32,3203,
1525,320304#02,대천천하구 n to 000000#02,32,3203,
1526,320305#01,웅천천(도화담교) n to 320305#03,32,3203,
1527,320305#02,성주천(풍년교) n to 320305#03,32,3203,
1528,320305#03,웅천천(보령댐) n to 320305#05,32,3203,
1529,320305#04,대농천 n to 320305#05,32,3203,
1530,320305#05,보령댐 f to 320306#01,32,3203,
1531,320306#01,보령시(노천교) s to 320306#02,32,3203,
1532,320306#02,부사방조제 f to 000000#03,32,3203,
1533,320308#01,만덕천 n to 320308#03,32,3203,
1534,320308#02,문곡천 n to 320308#03,32,3203,
1535,320308#03,서부저수지 f to 320308#04,32,3203,
1536,320308#04,판교천(신송교) n to 320308#05,32,3203,
1537,320308#05,판교천하구 n to 000000#04,32,3203,
1538,330101#01,동상저수지 f to 330101#02,33,3301,
1539,330101#02,대아저수지 f to 330103#01,33,3301,
1540,330102#01,경천저수지 f to 330103#04,33,3301,
1541,330103#01,운문천합류전 n to 330103#03,33,3301,
1542,330103#02,운문천 n to 330103#03,33,3301,
1543,330103#03,고산천합류전 n to 330103#08,33,3301,
1544,330103#04,구룡천합류전 n to 330103#06,33,3301,
1545,330103#05,구룡천 n to 330103#06,33,3301,
1546,330103#06,완주군(마안교) s to 330103#07,33,3301,
1547,330103#07,고산천 n to 330103#08,33,3301,
1548,330103#08,대아댐하류 n to 330105#01,33,3301,
1549,330104#01,완주군(소양용연교) s to 330104#02,33,3301,
1550,330104#02,완주군(제2소양교) s to 330104#03,33,3301,
1551,330104#03,소양천 n to 330105#04,33,3301,
1552,330105#01,완주군(오성교) s to 330105#02,33,3301,
1553,330105#02,완주군(용봉교) s to 330105#03,33,3301,
1554,330105#03,소양천합류전 n to 330105#04,33,3301,
1555,330105#04,완주군(하리교) s to 330105#05,33,3301,
1556,330105#05,전주천합류전 n to 330111#01,33,3301,
1557,330106#01,전주천상류 n to 330109#01,33,3301,
1558,330107#01,구이저수지 f to 330108#01,33,3301,
1559,330108#01,전주시(신평교) s to 330108#02,33,3301,
1560,330108#02,전주시(세내교) s to 330108#03,33,3301,
1561,330108#03,전주시(서곡교) s to 330108#04,33,3301,
1562,330108#04,삼천 n to 330109#04,33,3301,
1563,330109#01,전주시(은석교) s to 330109#02,33,3301,
1564,330109#02,전주시(서천교) s to 330109#03,33,3301,
1565,330109#03,삼천합류전 n to 330109#04,33,3301,
1566,330109#04,전주시(미산교) s to 330109#05,33,3301,
1567,330109#05,전주천하류 n to 330111#01,33,3301,
1568,330110#01,익산시(인수교) s to 330110#02,33,3301,
1569,330110#02,익산천 n to 330111#03,33,3301,
1570,330111#01,완주군(삼례교) s to 330111#02,33,3301,
1571,330111#02,익산천합류전 n to 330111#03,33,3301,
1572,330111#03,익산시(만경교) s to 330113#01,33,3301,
1573,330112#01,군산시(원두교) s to 330112#02,33,3301,
1574,330112#02,탑천 n to 330113#02,33,3301,
1575,330113#01,탑천합류전 n to 330113#02,33,3301,
1576,330113#02,김제시(만경대교) s to 330303#01,33,3301,
1577,330201#01,정읍시(종산리) s to 330201#02,33,3302,
1578,330201#02,칠보천합류전 n to 330201#05,33,3302,
1579,330201#03,수청저수지 f to 330201#04,33,3302,
1580,330201#04,칠보천 n to 330201#05,33,3302,
1581,330201#05,동진강상류 n to 330202#01,33,3302,
1582,330202#01,정읍시(행정교) s to 330202#02,33,3302,
1583,330202#02,정읍시(거산교) s to 330202#03,33,3302,
1584,330202#03,정읍시(정우교) s to 330208#01,33,3302,
1585,330203#01,정읍시(상동교) s to 330203#02,33,3302,
1586,330203#02,정읍시(죽림교) s to 330203#03,33,3302,
1587,330203#03,정읍시(정읍교) s to 330203#04,33,3302,
1588,330203#04,정읍시(정읍천대교) s to 330203#05,33,3302,
1589,330203#05,정읍시(초강리) s to 330203#06,33,3302,
1590,330203#06,정읍천 n to 330208#02,33,3302,
1591,330204#01,고부천상류 n to 330205#01,33,3302,
1592,330205#01,정읍시(풍월교) s to 330205#02,33,3302,
1593,330205#02,부안군(평교) s to 330205#03,33,3302,
1594,330205#03,고부천하류 n to 330208#04,33,3302,
1595,330206#01,금평저수지 f to 330206#02,33,3302,
1596,330206#02,정읍시(양전교) s to 330206#03,33,3302,
1597,330206#03,두월천합류전 n to 330206#06,33,3302,
1598,330206#04,김제시(용동교) s to 330206#05,33,3302,
1599,330206#05,두월천 n to 330206#06,33,3302,
1600,330206#06,김제시(죽산교) s to 330206#07,33,3302,
1601,330206#07,원평천 n to 330208#06,33,3302,
1602,330207#01,신평천 n to 330208#07,33,3302,
1603,330208#01,정읍천합류전 n to 330208#02,33,3302,
1604,330208#02,김제시(군포교) s to 330208#03,33,3302,
1605,330208#03,고부천합류전 n to 330208#04,33,3302,
1606,330208#04,동진대교 s to 330208#05,33,3302,
1607,330208#05,원평천합류전 n to 330208#06,33,3302,
1608,330208#06,신평천합류전 n to 330208#07,33,3302,
1609,330208#07,동진강하류 n to 330303#03,33,3302,
1610,330301#01,부안댐 f to 330303#06,33,3303,
1611,330302#01,주상천 n to 330303#04,33,3303,
1612,330303#01,만경강 n to 330303#02,33,3303,
1613,330303#02,새만금동진합류전 n to 330303#08,33,3303,
1614,330303#03,새만금주상합류전 n to 330303#05,33,3303,
1615,330303#04,새만금주상 n to 330303#05,33,3303,
1616,330303#05,새만금직소합류전 n to 330303#07,33,3303,
1617,330303#06,새만금직소 n to 330303#07,33,3303,
1618,330303#07,새만금동진 n to 330303#08,33,3303,
1619,330303#08,새만금방조제 n to 000000#01,33,3303,
1620,400101#01,상표천합류전 n to 400101#04,40,4001,
1621,400101#02,노촌저수지 f to 400101#03,40,4001,
1622,400101#03,상표천 n to 400101#04,40,4001,
1623,400101#04,섬진강상류 n to 400103#01,40,4001,
1624,400102#01,세동천 n to 400103#01,40,4001,
1625,400103#01,진안군(좌포교) s to 400103#02,40,4001,
1626,400103#02,관촌수위표 n to 400105#01,40,4001,
1627,400104#01,임실천 n to 400105#01,40,4001,
1628,400105#01,임실군(호암교) s to 400105#02,40,4001,
1629,400105#02,섬진강댐상류 n to 400109#01,40,4001,
1630,400106#01,옥녀동천 n to 400109#02,40,4001,
1631,400107#01,추령천상류 n to 400108#01,40,4001,
1632,400108#01,순창군(운암교) s to 400108#02,40,4001,
1633,400108#02,추령천하류 n to 400109#03,40,4001,
1634,400109#01,옥녀동천합류전 n to 400109#02,40,4001,
1635,400109#02,추령천합류전 n to 400109#03,40,4001,
1636,400109#03,섬진강댐 f to 400201#01,40,4001,
1637,400201#01,임실군(회문리) s to 400201#02,40,4002,
1638,400201#02,갈담천합류전 n to 400201#05,40,4002,
1639,400201#03,임실군(강동교) s to 400201#04,40,4002,
1640,400201#04,갈담천 n to 400201#05,40,4002,
1641,400201#05,임실군(일중리) s to 400201#06,40,4002,
1642,400201#06,섬진강댐하류 n to 400203#01,40,4002,
1643,400202#01,치천 n to 400203#01,40,4002,
1644,400203#01,순창군(평남리) s to 400203#02,40,4002,
1645,400203#02,오수천합류전 n to 400401#01,40,4002,
1646,400301#01,임실군(오수교) s to 400301#02,40,4003,
1647,400301#02,둔남천 n to 400301#03,40,4003,
1648,400301#03,둔남천합류전 n to 400301#04,40,4003,
1649,400301#04,오수천 n to 400302#01,40,4003,
1650,400302#01,임실군(신기교) s to 400302#02,40,4003,
1651,400302#02,율천합류전 n to 400302#04,40,4003,
1652,400302#03,율천 n to 400302#04,40,4003,
1653,400302#04,오수천중류 n to 400303#01,40,4003,
1654,400303#01,순창군(현포리) s to 400303#02,40,4003,
1655,400303#02,오수천하류 n to 400401#01,40,4003,
1656,400401#01,순창군(유적교) s to 400401#02,40,4004,
1657,400401#02,경천합류전 n to 400404#01,40,4004,
1658,400402#01,순창군(옥천교) s to 400402#02,40,4004,
1659,400402#02,사천합류전 n to 400402#04,40,4004,
1660,400402#03,사천 n to 400402#04,40,4004,
1661,400402#04,순창군(유풍교) s to 400402#05,40,4004,
1662,400402#05,경천 n to 400404#01,40,4004,
1663,400403#01,곡성군(합강교) s to 400403#02,40,4004,
1664,400403#02,옥과천 n to 400404#02,40,4004,
1665,400404#01,옥과천합류전 n to 400404#02,40,4004,
1666,400404#02,남원시(신덕리) s to 400404#03,40,4004,
1667,400404#03,곡성군(금곡교) s to 400404#04,40,4004,
1668,400404#04,요천합류전 n to 400504#05,40,4004,
1669,400501#01,동화저수지 f to 400502#06,40,4005,
1670,400502#01,장남저수지 f to 400502#02,40,4005,
1671,400502#02,용림천합류전 n to 400502#05,40,4005,
1672,400502#03,용림저수지 f to 400502#04,40,4005,
1673,400502#04,용림천 n to 400502#05,40,4005,
1674,400502#05,백운천합류전 n to 400502#07,40,4005,
1675,400502#06,백운천 n to 400502#07,40,4005,
1676,400502#07,남원시(월석교) s to 400502#08,40,4005,
1677,400502#08,요천상류 n to 400503#01,40,4005,
1678,400503#01,남원시(요천교) s to 400503#02,40,4005,
1679,400503#02,남원시(동림교) s to 400504#01,40,4005,
1680,400504#01,풍촌천합류전 n to 400504#04,40,4005,
1681,400504#02,금풍저수지 f to 400504#03,40,4005,
1682,400504#03,풍촌천 n to 400504#04,40,4005,
1683,400504#04,남원시(요천대교) s to 400504#05,40,4005,
1684,400504#05,요천하류 n to 400601#03,40,4005,
1685,400601#01,수송저수지 f to 400601#02,40,4006,
1686,400601#02,수지천 n to 400601#03,40,4006,
1687,400601#03,곡성군(고달교) s to 400601#04,40,4006,
1688,400601#04,곡성천합류전 n to 400603#01,40,4006,
1689,400602#01,오곡천합류전 n to 400602#04,40,4006,
1690,400602#02,구성저수지 f to 400602#03,40,4006,
1691,400602#03,오곡천 n to 400602#04,40,4006,
1692,400602#04,곡성천 n to 400603#01,40,4006,
1693,400603#01,압록수위표 n to 400902#01,40,4006,
1694,400701#01,보성강상류 n to 400702#01,40,4007,
1695,400702#01,죽동교 s to 400702#02,40,4007,
1696,400702#02,보성군(돈다교) s to 400702#03,40,4007,
1697,400702#03,광곡교 s to 400702#04,40,4007,
1698,400702#04,보성강댐 f to 400703#01,40,4007,
1699,400703#01,보성군(가장교) s to 400703#02,40,4007,
1700,400703#02,주암댐상류 n to 400707#01,40,4007,
1701,400704#01,남천합류전 n to 400704#04,40,4007,
1702,400704#02,외동저수지 f to 400704#03,40,4007,
1703,400704#03,남천 n to 400704#04,40,4007,
1704,400704#04,동복댐 f to 400705#01,40,4007,
1705,400705#01,화순군(만수교) s to 400705#02,40,4007,
1706,400705#02,유천천합류전 n to 400705#04,40,4007,
1707,400705#03,유천천 n to 400705#04,40,4007,
1708,400705#04,화순군(용리교) s to 400705#05,40,4007,
1709,400705#05,외남천합류전 n to 400705#07,40,4007,
1710,400705#06,외남천 n to 400705#07,40,4007,
1711,400705#07,동복천 n to 400707#01,40,4007,
1712,400706#01,송광천 n to 400707#02,40,4007,
1713,400707#01,송광천합류전 n to 400707#02,40,4007,
1714,400707#02,주암댐 f to 400801#01,40,4007,
1715,400801#01,순천시(광천교) s to 400801#02,40,4008,
1716,400801#02,곡성군(목사동2교) s to 400801#03,40,4008,
1717,400801#03,곡성군(목사동1교) s to 400801#04,40,4008,
1718,400801#04,주암댐하류 n to 400802#01,40,4008,
1719,400802#01,곡성군(태안교) s to 400802#02,40,4008,
1720,400802#02,곡성군(압록3교) s to 400802#03,40,4008,
1721,400802#03,보성강하류 n to 400902#03,40,4008,
1722,400901#01,순천시(용서교) s to 400901#02,40,4009,
1723,400901#02,황전천 n to 400902#05,40,4009,
1724,400902#01,곡성군(예성교) s to 400902#02,40,4009,
1725,400902#02,보성강합류전 n to 400902#03,40,4009,
1726,400902#03,구례군(구례교) s to 400902#04,40,4009,
1727,400902#04,황전천합류전 n to 400902#05,40,4009,
1728,400902#05,구례수위표 n to 400904#01,40,4009,
1729,400903#01,구만저수지 f to 400903#02,40,4009,
1730,400903#02,구례군(광용교) s to 400903#03,40,4009,
1731,400903#03,구례군(서시교) s to 400903#04,40,4009,
1732,400903#04,서시천 n to 400904#01,40,4009,
1733,400904#01,토지천합류전 n to 400904#06,40,4009,
1734,400904#02,문수저수지 f to 400904#03,40,4009,
1735,400904#03,토지천 n to 400904#06,40,4009,
1736,400904#04,효곡저수지 f to 400904#05,40,4009,
1737,400904#05,간문천 n to 400904#06,40,4009,
1738,400904#06,구례군(송정리) s to 400905#01,40,4009,
1739,400905#01,화개천합류전 n to 400907#01,40,4009,
1740,400906#01,하동군(가탄교) s to 400906#02,40,4009,
1741,400906#02,화개천 n to 400907#01,40,4009,
1742,400907#01,광양시(남도대교) s to 400907#02,40,4009,
1743,400907#02,광양시(고사리) s to 400907#03,40,4009,
1744,400907#03,하동2수위표 n to 400911#01,40,4009,
1745,400908#01,하동저수지 f to 400909#01,40,4009,
1746,400909#01,하동군(대석교) s to 400909#02,40,4009,
1747,400909#02,횡천강 n to 400911#03,40,4009,
1748,400910#01,주교천 n to 400911#04,40,4009,
1749,400911#01,하동군(읍내리) s to 400911#02,40,4009,
1750,400911#02,횡천강합류전 n to 400911#03,40,4009,
1751,400911#03,주교천합류전 n to 400911#04,40,4009,
1752,400911#04,섬진강하류 n to 000000#01,40,4009,
1753,410401#01,순천시(송전교) s to 410401#02,41,4104,
1754,410401#02,석흥천합류전 n to 410401#05,41,4104,
1755,410401#03,순천시(노동교) s to 410401#04,41,4104,
1756,410401#04,석흥천 n to 410401#05,41,4104,
1757,410401#05,주암조절지댐 f to 410402#01,41,4104,
1758,410402#01,주암조절지조정지댐 f to 410402#02,41,4104,
1759,410402#02,순천시(노디목교) s to 410402#03,41,4104,
1760,410402#03,상사천합류전 n to 410402#05,41,4104,
1761,410402#04,상사천 n to 410402#05,41,4104,
1762,410402#05,순천시(연동교) s to 410402#06,41,4104,
1763,410402#06,이사천 n to 410403#10,41,4104,
1764,410403#01,순천서천합류전 n to 410403#02,41,4104,
1765,410403#02,순천서천 n to 410403#08,41,4104,
1766,410403#03,석현천 n to 410403#04,41,4104,
1767,410403#04,석현천합류전 n to 410403#08,41,4104,
1768,410403#05,와룡저수지 n to 410403#06,41,4104,
1769,410403#06,옥천 n to 410403#07,41,4104,
1770,410403#07,옥천합류전 n to 410403#08,41,4104,
1771,410403#08,순천시(동천교) s to 410403#09,41,4104,
1772,410403#09,이사천합류전 n to 410403#10,41,4104,
1773,410403#10,해룡천합류전 n to 410403#12,41,4104,
1774,410403#11,해룡천 n to 410403#12,41,4104,
1775,410403#12,순천동천 n to 000000#01,41,4104,
1776,410501#01,백운저수지 n to 410501#02,41,4105,
1777,410501#02,구상천합류전 n to 410501#04,41,4105,
1778,410501#03,구상천 n to 410501#04,41,4105,
1779,410501#04,광양시(서산교) s to 410501#05,41,4105,
1780,410501#05,광양동천합류전 n to 410501#10,41,4105,
1781,410501#06,추산천합류전 n to 410501#08,41,4105,
1782,410501#07,추산천 n to 410501#08,41,4105,
1783,410501#08,광양시(용강교) s to 410501#09,41,4105,
1784,410501#09,광양서천 n to 410501#10,41,4105,
1785,410501#10,억만천합류전 n to 410501#12,41,4105,
1786,410501#11,억만천 n to 410501#12,41,4105,
1787,410501#12,광양서천 n to 000000#02,41,4105,
1788,410502#01,성두천합류전 n to 410502#03,41,4105,
1789,410502#02,성두천 n to 410502#03,41,4105,
1790,410502#03,웅동천합류전 n to 410502#05,41,4105,
1791,410502#04,웅동천 n to 410502#05,41,4105,
1792,410502#05,수어댐 f to 410503#01,41,4105,
1793,410503#01,광양시(지원교) s to 410503#02,41,4105,
1794,410503#02,광양시(수어천교) s to 410503#06,41,4105,
1795,410503#03,정토천 n to 410503#05,41,4105,
1796,410503#04,정토천합류전 n to 410503#05,41,4105,
1797,410503#05,옥곡천 n to 410503#06,41,4105,
1798,410503#06,수어천 n to 000000#03,41,4105,
1799,500101#01,담양댐 f to 500103#01,50,5001,
1800,500102#01,담양군(덕용교) s to 500102#02,50,5001,
1801,500102#02,오례천 n to 500103#07,50,5001,
1802,500103#01,담양군(금월교) s to 500103#02,50,5001,
1803,500103#02,용천합류전 n to 500103#06,50,5001,
1804,500103#03,담양군(장천교) s to 500103#04,50,5001,
1805,500103#04,담양홍수조절지 f to 500103#05,50,5001,
1806,500103#05,용천 n to 500103#06,50,5001,
1807,500103#06,오례천합류전 n to 500103#07,50,5001,
1808,500103#07,담양군(삼지교) s to 500103#08,50,5001,
1809,500103#08,영산강상류 n to 500106#01,50,5001,
1810,500104#01,광주댐 f to 500105#01,50,5001,
1811,500105#01,담양군(양지교) s to 500105#02,50,5001,
1812,500105#02,증암천 n to 500106#01,50,5001,
1813,500106#01,광주광역시(용산교) s to 500106#02,50,5001,
1814,500106#02,광주광역시(첨단대교) s to 500106#03,50,5001,
1815,500106#03,광주수위표 n to 500108#03,50,5001,
1816,500107#01,광주광역시(설월교) s to 500107#02,50,5001,
1817,500107#02,광주광역시(천교) s to 500107#03,50,5001,
1818,500107#03,광주광역시(유촌교) s to 500107#04,50,5001,
1819,500107#04,광주천 n to 500108#05,50,5001,
1820,500108#01,광주광역시(풍영정천2교) s to 500108#02,50,5001,
1821,500108#02,풍영정천 n to 500108#03,50,5001,
1822,500108#03,광주광역시(어등대교) s to 500108#04,50,5001,
1823,500108#04,광주합류전 n to 500108#05,50,5001,
1824,500108#05,광주광역시(극락교) s to 500108#06,50,5001,
1825,500108#06,황룡강합류전 n to 500401#01,50,5001,
1826,500201#01,북하천합류전 n to 500201#06,50,5002,
1827,500201#02,장성군(용동교) s to 500201#03,50,5002,
1828,500201#03,약수천합류후 n to 500201#04,50,5002,
1829,500201#04,대악천합류후 n to 500201#05,50,5002,
1830,500201#05,북하천 n to 500201#06,50,5002,
1831,500201#06,장성댐 f to 500202#01,50,5002,
1832,500202#01,장성천합류전 n to 500202#04,50,5002,
1833,500202#02,유탕저수지 f to 500202#03,50,5002,
1834,500202#03,장성천 n to 500202#04,50,5002,
1835,500202#04,개천합류전 n to 500202#07,50,5002,
1836,500202#05,장성군(금계리) s to 500202#06,50,5002,
1837,500202#06,개천 n to 500202#07,50,5002,
1838,500202#07,황룡강중류 n to 500204#01,50,5002,
1839,500203#01,평림댐 f to 500203#02,50,5002,
1840,500203#02,장성군(죽탄교) s to 500203#03,50,5002,
1841,500203#03,삼계천합류전 n to 500203#06,50,5002,
1842,500203#04,수양저수지 f to 500203#05,50,5002,
1843,500203#05,삼계천 n to 500203#06,50,5002,
1844,500203#06,광주광역시(평림교) s to 500203#07,50,5002,
1845,500203#07,평림천 n to 500204#08,50,5002,
1846,500204#01,취암천합류후 n to 500204#02,50,5002,
1847,500204#02,장성군(제2황룡교) s to 500204#03,50,5002,
1848,500204#03,광주광역시(용진교) s to 500204#04,50,5002,
1849,500204#04,왕동천합류전 n to 500204#07,50,5002,
1850,500204#05,왕동저수지 f to 500204#06,50,5002,
1851,500204#06,왕동천 n to 500204#07,50,5002,
1852,500204#07,평림천합류전 n to 500204#08,50,5002,
1853,500204#08,광주광역시(장록교) s to 500204#09,50,5002,
1854,500204#09,황룡강하류 n to 500401#01,50,5002,
1855,500301#01,화순군(세청교) s to 500301#02,50,5003,
1856,500301#02,화순홍수조절지 f to 500301#05,50,5003,
1857,500301#03,장치저수지 f to 500301#04,50,5003,
1858,500301#04,송석천 n to 500301#05,50,5003,
1859,500301#05,지석천상류 n to 500302#01,50,5003,
1860,500302#01,화순군(용두교) s to 500302#02,50,5003,
1861,500302#02,한천천합류전 n to 500302#05,50,5003,
1862,500302#03,금전저수지 f to 500302#04,50,5003,
1863,500302#04,한천천 n to 500302#05,50,5003,
1864,500302#05,화순군(능주교) s to 500302#06,50,5003,
1865,500302#06,지석천하류 n to 500306#01,50,5003,
1866,500303#01,화순군(주도교) s to 500303#02,50,5003,
1867,500303#02,화순천 n to 500306#01,50,5003,
1868,500304#01,나주댐 f to 500305#01,50,5003,
1869,500305#01,나주시(우산교) s to 500305#02,50,5003,
1870,500305#02,대초천 n to 500306#03,50,5003,
1871,500306#01,화순군(신성교) s to 500306#02,50,5003,
1872,500306#02,대초천합류전 n to 500306#03,50,5003,
1873,500306#03,남평수위표 n to 500307#01,50,5003,
1874,500307#01,나주시(남평교) s to 500307#02,50,5003,
1875,500307#02,지석천 n to 500402#02,50,5003,
1876,500401#01,광주광역시(승용교) s to 500401#02,50,5004,
1877,500401#02,승촌보 f to 500402#01,50,5004,
1878,500402#01,지석천합류전 n to 500402#02,50,5004,
1879,500402#02,나주시(나주대교) s to 500403#01,50,5004,
1880,500403#01,나주시(영산교) s to 500403#02,50,5004,
1881,500403#02,영산포수위표 n to 500405#01,50,5004,
1882,500404#01,만봉저수지 f to 500404#02,50,5004,
1883,500404#02,금천합류전 n to 500404#05,50,5004,
1884,500404#03,입석저수지 f to 500404#04,50,5004,
1885,500404#04,금천 n to 500404#05,50,5004,
1886,500404#05,나주시(동곡리) s to 500404#06,50,5004,
1887,500404#06,만봉천 n to 500405#01,50,5004,
1888,500405#01,나주시(회진리) s to 500405#02,50,5004,
1889,500405#02,문평천합류전 n to 500405#05,50,5004,
1890,500405#03,백용저수지 f to 500405#04,50,5004,
1891,500405#04,문평천 n to 500405#05,50,5004,
1892,500405#05,죽산보 f to 500604#01,50,5004,
1893,500501#01,고막원천상류 n to 500502#01,50,5005,
1894,500502#01,함평군(나산교) s to 500502#02,50,5005,
1895,500502#02,함평군(원고막교) s to 500502#03,50,5005,
1896,500502#03,고막원천하류 n to 500604#02,50,5005,
1897,500601#01,대동저수지 f to 500601#02,50,5006,
1898,500601#02,대동천합류전 n to 500601#04,50,5006,
1899,500601#03,대동천 n to 500601#04,50,5006,
1900,500601#04,함평군(영수교) s to 500601#05,50,5006,
1901,500601#05,함평수위표 n to 500602#01,50,5006,
1902,500602#01,함평군(학야교) s to 500602#02,50,5006,
1903,500602#02,함평천 n to 500604#03,50,5006,
1904,500603#01,삼포강 n to 500604#05,50,5006,
1905,500604#01,고막원천합류전 n to 500604#02,50,5006,
1906,500604#02,함평군(동강교) s to 500604#03,50,5006,
1907,500604#03,무안군(몽탄대교) s to 500604#04,50,5006,
1908,500604#04,삼포강합류전 n to 500604#05,50,5006,
1909,500604#05,영암천합류전 n to 500801#01,50,5006,
1910,500701#01,율치저수지 f to 500701#02,50,5007,
1911,500701#02,학산천 n to 500702#04,50,5007,
1912,500702#01,영암군(해창교) s to 500702#03,50,5007,
1913,500702#02,도포천 n to 500702#03,50,5007,
1914,500702#03,학산천합류전 n to 500702#04,50,5007,
1915,500702#04,영암천 n to 500801#01,50,5007,
1916,500801#01,망월천합류전 n to 500801#03,50,5008,
1917,500801#02,망월천 n to 500801#03,50,5008,
1918,500801#03,영산-영암호연락수로 n to 500802#01,50,5008,
1919,500802#01,영산강하구둑 f to 000001#01,50,5008,
1920,510101#01,장흥군(동산교) s to 510101#02,51,5101,
1921,510101#02,유치천합류전 n to 510101#04,51,5101,
1922,510101#03,유치천 n to 510101#04,51,5101,
1923,510101#04,장흥댐 f to 510102#01,51,5101,
1924,510102#01,장흥군(별천교) s to 510102#02,51,5101,
1925,510102#02,장흥군(예양교) s to 510102#03,51,5101,
1926,510102#03,탐진강중류 n to 510104#01,51,5101,
1927,510103#01,성전천합류전 n to 510103#02,51,5101,
1928,510103#02,병영천합류전 n to 510103#03,51,5101,
1929,510103#03,장흥군(감천교) s to 510103#04,51,5101,
1930,510103#04,금강천 n to 510104#01,51,5101,
1931,510104#01,강진군(풍동리) s to 510104#02,51,5101,
1932,510104#02,강진군(석교교) s to 510104#03,51,5101,
1933,510104#03,탐진강하류 n to 000000#01,51,5101,
1934,530103#01,고창천합류전 n to 530103#03,53,5301,
1935,530103#02,고창천 n to 530103#03,53,5301,
1936,530103#03,운곡천합류전 n to 530103#06,53,5301,
1937,530103#04,운곡저수지 n to 530103#05,53,5301,
1938,530103#05,운곡천 n to 530103#06,53,5301,
1939,530103#06,고창군(부정교) s to 530103#07,53,5301,
1940,530103#07,고창군(용선교) s to 530103#08,53,5301,
1941,530103#08,주진천 n to 000000#01,53,5301,
1942,530202#01,두암저수지 n to 530202#03,53,5302,
1943,530202#02,칠암천합류전 n to 530202#03,53,5302,
1944,530202#03,칠암천 n to 530202#04,53,5302,
1945,530202#04,구암천 n to 530203#09,53,5302,
1946,530203#01,대마천합류전 n to 530203#02,53,5302,
1947,530203#02,대마천 n to 530203#03,53,5302,
1948,530203#03,묘량천합류전 n to 530203#05,53,5302,
1949,530203#04,묘량천 n to 530203#05,53,5302,
1950,530203#05,영광군(반와교) s to 530203#06,53,5302,
1951,530203#06,대산천합류전 n to 530203#08,53,5302,
1952,530203#07,대산천 n to 530203#08,53,5302,
1953,530203#08,구암천합류전 n to 530203#09,53,5302,
1954,530203#09,와탄천 n to 000000#02,53,5302,
1955,530204#01,삼학천합류전 n to 530204#03,53,5302,
1956,530204#02,삼학천 n to 530204#03,53,5302,
1957,530204#03,불갑저수지 f to 530204#04,53,5302,
1958,530204#04,건무천합류전 n to 530204#07,53,5302,
1959,530204#05,건무천 n to 530204#07,53,5302,
1960,530204#06,월산천 n to 530204#07,53,5302,
1961,530204#07,월산천합류전 n to 530204#08,53,5302,
1962,530204#08,영광군(외간교) s to 530204#09,53,5302,
1963,530204#09,군남천합류전 n to 530204#11,53,5302,
1964,530204#10,군남천 n to 530204#11,53,5302,
1965,530204#11,불갑천 n to 000000#03,53,5302,
